__gov_id,__osm_id
-670345220,359178827
-249955852,1774628180
-47772557,4166264453
-586967075,439064661
-23686901,1904638169
-125221019,166920357
-982024273,5136193762
-32886570,231371670
-1020438942,1245464993
-92152489,975746174
-813455564,12771486060
-755563581,175877688
-235901107,4534855737
-1003576861,67983046
-783770524,178777655
-771629588,176163325
-881208558,171604786
-99418364,28177064
-764484374,230205417
-960656357,1298279828
-651151236,432504799
-758004654,336686102
-124966769,9057062688
-584973920,1627031220
-154370533,2425471062
-167028564,2314804451
-497006026,228956503
-307752565,323121103
-282209079,366038299
-286580961,3286644609
-531373915,261510291
-656839414,12741244050
-3151474,202161900
-724486782,11359827152
-932084238,2322339873
-26236285,241572173
-155230565,2082753545
-872691036,2471714870
-265542966,1838542714
-944893101,167109428
-39981003,4039019489
-625780205,437843150
-1047428764,2006305962
-221676145,9905558911
-305882164,1219345903
-186590669,170977540
-629853725,6942356040
-949966927,278041365
-177137505,6985095773
-2098885,9799411184
-210928474,500390095
-22167278,315626202
-1064341872,1875329539
-1065722890,1378897862
-175856235,11802832319
-942918886,3326678038
-279261903,175716830
-435717292,2063574578
-99750710,184414688
-719653005,1021316803
-325876826,302962645
-725128085,8435729615
-108331678,318827668
-1019397175,333365998
-245842417,1827379115
-191035831,5223671203
-203185679,283068153
-858054705,396216689
-877090210,1808060653
-84751093,338509179
-505956885,9341475660
-856632190,238946048
-105757480,290466264
-583778233,8936518201
-261337404,226079134
-954419405,117730135
-247500873,326376336
-439537433,1150819830
-189890825,186141946
-601673784,372081183
-1048973119,2975521950
-675369971,355803408
-602454989,60064063
-263911457,2350022809
-277734160,53425150
-286006511,588169025
-364061967,202523594
-343933628,500086074
-708324447,1334909347
-198831870,1284375894
-70169229,2525928235
-984085161,9984134345
-678360196,8106732
-105755472,233371578
-629105501,333551524
-849817573,1304613073
-314387397,2460414630
-512109975,135185576
-926984572,13248824320
-698034037,2771955077
-30486652,272680117
-989797693,7592399825
-50854749,12539768584
-791091399,9509115000
-765023782,8568058769
-656383255,9864396056
-482159335,958972484
-73153548,3703219548
-766695276,6289586941
-956787750,956001714
-808360447,4321332993
-892449509,11209939683
-543424354,7784972266
-825658613,37059276
-866623328,518406466
-98199628,11878706186
-306829732,7259543362
-137614372,10744842397
-443224760,440458476
-427954737,12848905551
-768028169,712683527
-407474866,7955566477
-356559050,2975993772
-736147190,283477347
-842209616,13125763066
-792250803,430178538
-1072259194,11406365129
-185913028,30108431
-665725443,4947145524
-23178947,5115070766
-492335441,471557583
-506029540,9988423346
-770235221,853171560
-555130874,4081926666
-10851080,1220017200
-841126675,12539077870
-422904761,6815183915
-206925156,506577074
-718339978,336686023
-1064392677,179130300
-968830708,4031826801
-71367507,8151085121
-55338847,261771182
-766819029,1722297624
-1013753691,10573734931
-541015520,494004264
-651150847,972583670
-872301332,283396853
-273449801,2127459002
-839871687,30807865
-1033667835,202159016
-1015100617,8825451130
-1013258525,229823387
-852896820,661339521
-1010886954,558869021
-525135346,262732316
-885421018,684465948
-459453219,397165284
-232014056,203781162
-365342832,9323553309
-199925177,174195288
-965298517,244036571
-285040897,1954878863
-587162692,719685818
-536674055,193932728
-116328967,5757184804
-124103555,338509175
-944844109,196601097
-95397646,892383655
-905224824,240434076
-350161628,144723180
-726274837,61845560
-58025209,178396191
-305948244,224085211
-667042696,167821345
-1046156371,124439109
-641002629,235878700
-49545599,234859031
-514560847,403071605
-379760298,400981579
-968238108,1055417673
-1038103272,164859420
-859685346,255864308
-555944975,273773197
-718099703,138412161
-1042956754,242404482
-976829270,491308270
-145530847,169712651
-351467144,176543415
-542179047,361278695
-62561692,283614400
-1060697736,354076310
-262677285,5368380372
-338441363,264902084
-881572688,299709377
-135925648,272714113
-461469196,2657687917
-591282948,686357548
-246881979,500174056
-602448774,179565455
-329962354,218856444
-26869797,261569617
-232303389,129769859
-456416121,264903621
-445705491,136778728
-897446039,275452144
-952580507,337053694
-895103407,423200594
-116180937,446919408
-117638347,1904638174
-430585124,260179737
-584425819,425621504
-55353503,264900248
-293166647,187528811
-273627844,325284835
-940727450,299133098
-574791602,221552425
-1003049056,404489162
-1019778953,1206722260
-415483550,254915691
-421203700,359323629
-958009631,220600349
-481607163,199495391
-578078453,299321173
-585650219,1856915759
-320321019,234802710
-456712231,448314447
-670640835,358666782
-659259275,148875018
-349278346,3049651293
-286920868,264931327
-321587852,302134636
-50027203,262848267
-830254854,207048130
-412118317,3997820176
-285404305,331985671
-938551745,243270514
-766657421,230535120
-662597836,841774137
-1028539485,104292250
-921015008,263930273
-579801847,354859750
-367993042,143872002
-398915747,457391498
-89998901,562752395
-838196690,312333124
-69029053,360867327
-933122193,1408451732
-416928279,240437724
-254442716,752670236
-959984977,10777626162
-1067142548,244668634
-380241892,268380521
-325308092,6003217182
-658705838,4119419889
-591272432,298827238
-441682631,5422071403
-894121894,1311757881
-800353378,3863280078
-361067955,2085249672
-905906196,7638604059
-237141236,354659116
-374992543,160269048
-386066989,12182287080
-945102138,125826754
-119328607,1161742332
-945940939,1201315460
-416070379,9937507485
-603924557,293800754
-583881600,181601280
-882670015,4758640489
-741130229,2980111364
-511948624,12993910783
-677297113,9993295947
-115758039,236556469
-969952431,291814334
-233747106,4563414052
-474633690,1779004018
-169935004,405633904
-800683511,6505977917
-1035586324,633974278
-683356363,9448089639
-396225184,124812372
-31757233,12425547068
-44768780,8599017270
-101385436,3107550049
-267914839,883024899
-321265449,168320423
-177970277,9453511249
-243118069,145639762
-599485140,13661011920
-36716188,4450208060
-679408947,1599381625
-727427959,1210945487
-947573694,264867022
-943570560,8869757642
-294712218,190001732
