"H_WP_STATUS","ID","PT_ADRES_MIEJSCOWOSC","PT_KRS","PT_NAZWA","PT_NIP","WP_RDL_NR","WP_STATUS","recid"
"WPS_WPI",72920,"WIELICZKA","0001117410","A COSIK SPÓŁKA Z OGRANICZONĄ ODPOWIEDZIALNOŚCIĄ","6832138924","RDL000178","Wpisany",72920
"WPS_WPI",97722,"WARSZAWA","0001164895","ALPA FINANCE 1 SPÓŁKA Z OGRANICZONĄ ODPOWIEDZIALNOŚCIĄ","5273159073","RDL000243","Wpisany",97722
"WPS_WPI",38936,"WARSZAWA","0000882306","ALPA FINANCE SPÓŁKA Z OGRANICZONĄ ODPOWIEDZIALNOŚCIĄ","5272948833","RDL000047","Wpisany",38936
"WPS_WPI",40087,"PIASECZNO","0001079887","ANPIR-LOMBARD SPÓŁKA Z OGRANICZONĄ ODPOWIEDZIALNOŚCIĄ","1231547584","RDL000051","Wpisany",40087
"WPS_WPI",83789,"GDAŃSK","0001133999","ANTONIO FINANCE SPÓŁKA Z OGRANICZONĄ ODPOWIEDZIALNOŚCIĄ","5842859079","RDL000197","Wpisany",83789
"WPS_WPI",88632,"WARSZAWA","0001077973","ARM COINS SPÓŁKA Z OGRANICZONĄ ODPOWIEDZIALNOŚCIĄ","5214052422","RDL000216","Wpisany",88632
"WPS_WPI",71120,"WARSZAWA","0001085762","ARTAR FINE GOLD SPÓŁKA Z OGRANICZONĄ ODPOWIEDZIALNOŚCIĄ","5242765246","RDL000154","Wpisany",71120
"WPS_WPI",35756,"BOLESŁAWIEC","0001081341","AS LOMBARD SPÓŁKA Z OGRANICZONĄ ODPOWIEDZIALNOŚCIĄ","6121884490","RDL000017","Wpisany",35756
"WPS_WPI",99184,"MIĘDZYRZECZ","0000375556","AS-COM SPÓŁKA Z OGRANICZONĄ ODPOWIEDZIALNOŚCIĄ","5961738502","RDL000252","Wpisany",99184
"WPS_WPI",69024,"KRAKÓW","0000605165","AUDIO-MIX SPÓŁKA Z OGRANICZONĄ ODPOWIEDZIALNOŚCIĄ","6793123923","RDL000139","Wpisany",69024
"WPS_WPI",83707,"KONIN","0001134010","AURA BIS SPÓŁKA Z OGRANICZONĄ ODPOWIEDZIALNOŚCIĄ","6653071474","RDL000196","Wpisany",83707
"WPS_WPI",62175,"BĘDZIN","0001104008","AUTO LOMBARD SPÓŁKA Z OGRANICZONĄ ODPOWIEDZIALNOŚCIĄ","6252494252","RDL000111","Wpisany",62175
"WPS_WPI",93886,"WARSZAWA","0001181786","AUXILIUM MANUS SPÓŁKA Z OGRANICZONĄ ODPOWIEDZIALNOŚCIĄ","7011267822","RDL000233","Wpisany",93886
"WPS_WPI",94551,"BYDGOSZCZ","0001193401","AVERTEN PRO SPÓŁKA Z OGRANICZONĄ ODPOWIEDZIALNOŚCIĄ","9671490964","RDL000234","Wpisany",94551
"WPS_WPI",44980,"WROCŁAW","0000579639","BANKUS SPÓŁKA Z OGRANICZONĄ ODPOWIEDZIALNOŚCIĄ","9112012094","RDL000093","Wpisany",44980
"WPS_WPI",36464,"SZCZECIN","0001078775","BEST MOBILE LOMBARD SPÓŁKA Z OGRANICZONĄ ODPOWIEDZIALNOŚCIĄ","8513304904","RDL000021","Wpisany",36464
"WPS_WPI",69136,"BIAŁA PODLASKA","0001074058","BIALSPOT SPÓŁKA Z OGRANICZONĄ ODPOWIEDZIALNOŚCIĄ","5372678362","RDL000141","Wpisany",69136
"WPS_WPI",42023,"ŁAZISKA GÓRNE","0000607616","BIURO POŚREDNICTWA SPÓŁKA Z OGRANICZONĄ ODPOWIEDZIALNOŚCIĄ","6351837695","RDL000072","Wpisany",42023
"WPS_WPI",67834,"GDAŃSK","0001043998","BLANK FINANCE SPÓŁKA Z OGRANICZONĄ ODPOWIEDZIALNOŚCIĄ","5833481581","RDL000135","Wpisany",67834
"WPS_WPI",41318,"OLSZTYN","0000608407","BOJAROWICZ POŻYCZKI SPÓŁKA Z OGRANICZONĄ ODPOWIEDZIALNOŚCIĄ","7393884754","RDL000066","Wpisany",41318
"WPS_WPI",44746,"WIELICZKA","0000606724","BRAVO SPÓŁKA Z OGRANICZONĄ ODPOWIEDZIALNOŚCIĄ","6832088971","RDL000092","Wpisany",44746
"WPS_WPI",77339,"BIAŁOGARD","0000934018","BUY&TRADE SPÓŁKA Z OGRANICZONĄ ODPOWIEDZIALNOŚCIĄ","6722100145","RDL000183","Wpisany",77339
"WPS_WPI",86641,"MIĘTNE","0000577305","CENTRUM POŻYCZEK LOMBARD SPÓŁKA Z OGRANICZONĄ ODPOWIEDZIALNOŚCIĄ","8262192743","RDL000206","Wpisany",86641
"WPS_WPI",71367,"MALBORK","0001109849","CENTRUM WSPARCIA FINANSOWEGO LOMBARD SPÓŁKA Z OGRANICZONĄ ODPOWIEDZIALNOŚCIĄ","5792295840","RDL000159","Wpisany",71367
"WPS_WPI",86142,"BRANIEWO","0000636749","CERTUS SPÓŁKA Z OGRANICZONĄ ODPOWIEDZIALNOŚCIĄ","5821627702","RDL000200","Wpisany",86142
"WPS_WPI",40174,"KRAKÓW","0000625712","COLUMBUS ENERGY FINANSE SPÓŁKA Z OGRANICZONĄ ODPOWIEDZIALNOŚCIĄ","9452196124","RDL000054","Wpisany",40174
"WPS_WPI",66691,"SZCZECIN","0001079217","COMBO SPÓŁKA Z OGRANICZONĄ ODPOWIEDZIALNOŚCIĄ","8513305051","RDL000128","Wpisany",66691
"WPS_WPI",72714,"BYDGOSZCZ","0001079227","COM-FIN SPÓŁKA Z OGRANICZONĄ ODPOWIEDZIALNOŚCIĄ","9671472400","RDL000176","Wpisany",72714
"WPS_WPI",39922,"CHORZÓW","0000637238","CONTANTE SPÓŁKA Z OGRANICZONĄ ODPOWIEDZIALNOŚCIĄ","6272745585","RDL000049","Wpisany",39922
"WPS_WPI",38908,"ŁÓDŹ","0001069919","CZARNY KOŃ SPÓŁKA Z OGRANICZONĄ ODPOWIEDZIALNOŚCIĄ","9472012073","RDL000046","Wpisany",38908
"WPS_WPI",86228,"BYDGOSZCZ","0000519142","DAIGLOB SPÓŁKA Z OGRANICZONĄ ODPOWIEDZIALNOŚCIĄ","9532643281","RDL000202","Wpisany",86228
"WPS_WPI",82076,"STRZELIN","0001127431","DAK INVESTMENT SPÓŁKA Z OGRANICZONĄ ODPOWIEDZIALNOŚCIĄ","9141577545","RDL000189","Wpisany",82076
"WPS_WPI",81964,"INOWROCŁAW","0001083631","DAMDAR SPÓŁKA Z OGRANICZONĄ ODPOWIEDZIALNOŚCIĄ","5562807319","RDL000188","Wpisany",81964
"WPS_WPI",90706,"RAWICZ","0001157908","D&G EXPERT SPÓŁKA Z OGRANICZONĄ ODPOWIEDZIALNOŚCIĄ","6991975549","RDL000224","Wpisany",90706
"WPS_WPI",81777,"CZĘSTOCHOWA","0000730408","DIENGI SPÓŁKA Z OGRANICZONĄ ODPOWIEDZIALNOŚCIĄ","9492229108","RDL000185","Wpisany",81777
"WPS_WPI",91385,"ELBLĄG","0001169647","DUKAT SPÓŁKA Z OGRANICZONĄ ODPOWIEDZIALNOŚCIĄ","5783177934","RDL000226","Wpisany",91385
"WPS_WPI",34965,"LIPNO","0000534333","E-MOBILOM SPÓŁKA Z OGRANICZONĄ ODPOWIEDZIALNOŚCIĄ","5252604906","RDL000009","Wpisany",34965
"WPS_WPI",37781,"ZABRZE","0001081256","EUROGOLD SPÓŁKA Z OGRANICZONĄ ODPOWIEDZIALNOŚCIĄ","6482820850","RDL000028","Wpisany",37781
"WPS_WPI",66175,"OSIELSKO","0000955375","EUROPEAN FINANCES SPÓŁKA Z OGRANICZONĄ ODPOWIEDZIALNOŚCIĄ","5543000797","RDL000125","Wpisany",66175
"WPS_WPI",68013,"GNIEZNO","0001007558","EVS SPÓŁKA Z OGRANICZONĄ ODPOWIEDZIALNOŚCIĄ","7842533692","RDL000137","Wpisany",68013
"WPS_WPI",77418,"GDAŃSK","0001080144","EXIT SPÓŁKA Z OGRANICZONĄ ODPOWIEDZIALNOŚCIĄ","5833498736","RDL000184","Wpisany",77418
"WPS_WPI",42365,"ZAWIERCIE","0001091105","EXPRESS FINANCE SPÓŁKA Z OGRANICZONĄ ODPOWIEDZIALNOŚCIĄ","5272645848","RDL000076","Wpisany",42365
"WPS_WPI",40918,"OSTRÓW WIELKOPOLSKI","0001093433","EZLOMBARD SPÓŁKA Z OGRANICZONĄ ODPOWIEDZIALNOŚCIĄ","6222854591","RDL000056","Wpisany",40918
"WPS_WPI",43962,"WARSZAWA","0001100057","FAST SPÓŁKA Z OGRANICZONĄ ODPOWIEDZIALNOŚCIĄ","5273108756","RDL000088","Wpisany",43962
"WPS_WPI",97845,"IŁOWO-OSADA","0001210690","FASTFINANCE SPÓŁKA Z OGRANICZONĄ ODPOWIEDZIALNOŚCIĄ","5711730787","RDL000245","Wpisany",97845
"WPS_WPI",44418,"LUBSKO","0001103004","F.H.U. DONS SPÓŁKA Z OGRANICZONĄ ODPOWIEDZIALNOŚCIĄ","9282111211","RDL000090","Wpisany",44418
"WPS_WPI",71812,"WROCŁAW","0001114757","FINANCIAL ENTEPRISE SPÓŁKA Z OGRANICZONĄ ODPOWIEDZIALNOŚCIĄ","8992997956","RDL000163","Wpisany",71812
"WPS_WPI",41002,"WARSZAWA","0001086773","FINANCIAL LOMBARDY SPÓŁKA Z OGRANICZONĄ ODPOWIEDZIALNOŚCIĄ","5214056911","RDL000059","Wpisany",41002
"WPS_WPI",35454,"POZNAŃ","0001063472","FINWAVE SPÓŁKA Z OGRANICZONĄ ODPOWIEDZIALNOŚCIĄ","6682012623","RDL000014","Wpisany",35454
"WPS_WPI",83640,"SZPROTAWA","0001113354","FIRMA WIELOBRANŻOWA SPÓŁKA Z OGRANICZONĄ ODPOWIEDZIALNOŚCIĄ","9241926206","RDL000194","Wpisany",83640
"WPS_WPI",89963,"GDAŃSK","0001162544","FLYMONEY SPÓŁKA Z OGRANICZONĄ ODPOWIEDZIALNOŚCIĄ","5833533183","RDL000220","Wpisany",89963
"WPS_WPI",71008,"ZACISZE","0001037774","FORVOS SPÓŁKA Z OGRANICZONĄ ODPOWIEDZIALNOŚCIĄ","6131591401","RDL000150","Wpisany",71008
"WPS_WPI",92784,"SUCHORZEW","0000962744","GIRRA MT SPÓŁKA Z OGRANICZONĄ ODPOWIEDZIALNOŚCIĄ","6080120843","RDL000229","Wpisany",92784
"WPS_WPI",87869,"NOWY SĄCZ","0001146207","GJT SPÓŁKA Z OGRANICZONĄ ODPOWIEDZIALNOŚCIĄ","7343650190","RDL000212","Wpisany",87869
"WPS_WPI",38668,"MYSZKÓW","0001088778","GLAM-TECH SPÓŁKA Z OGRANICZONĄ ODPOWIEDZIALNOŚCIĄ","5772000669","RDL000040","Wpisany",38668
"WPS_WPI",93419,"BYDGOSZCZ","0000844196","GOCASH MG SPÓŁKA Z OGRANICZONĄ ODPOWIEDZIALNOŚCIĄ","9532776504","RDL000232","Wpisany",93419
"WPS_WYK",60674,"WROCŁAW","0001102403","GOLD   SPÓŁKA Z OGRANICZONĄ ODPOWIEDZIALNOŚCIĄ","8992991965","RDL000098","Wykreślony",60674
"WPS_WPI",69302,"ALEKSANDRÓW KUJAWSKI","0001110501","GOLD3N SPÓŁKA Z OGRANICZONĄ ODPOWIEDZIALNOŚCIĄ","8911641156","RDL000144","Wpisany",69302
"WPS_WPI",41259,"WARSZAWA","0001089320","GOLDAREX  SPÓŁKA Z OGRANICZONĄ ODPOWIEDZIALNOŚCIĄ","5214058471","RDL000064","Wpisany",41259
"WPS_WPI",40946,"PROSZOWICE","0001086028","GOLDEN RUSH SPÓŁKA Z OGRANICZONĄ ODPOWIEDZIALNOŚCIĄ","6821804292","RDL000057","Wpisany",40946
"WPS_WYK",43925,"ŁÓDŹ","0000992892","GOLDENLIFE SPÓŁKA Z OGRANICZONĄ ODPOWIEDZIALNOŚCIĄ","7252291408","RDL000087","Wykreślony",43925
"WPS_WPI",87699,"GDAŃSK","0000811222","GOLD-MONEY.PL SPÓŁKA Z OGRANICZONĄ ODPOWIEDZIALNOŚCIĄ","5833376588","RDL000211","Wpisany",87699
"WPS_WPI",66596,"ŁÓDŹ","0000635886","GOLDYES SPÓŁKA Z OGRANICZONĄ ODPOWIEDZIALNOŚCIĄ","7292712483","RDL000127","Wpisany",66596
"WPS_WPI",71064,"WARSZAWA","0000745831","GRADOR SPÓŁKA Z OGRANICZONĄ ODPOWIEDZIALNOŚCIĄ","5213837954","RDL000152","Wpisany",71064
"WPS_WPI",65225,"WARSZAWA","0000585644","GRUPA INTER SPÓŁKA Z OGRANICZONĄ ODPOWIEDZIALNOŚCIĄ","5242787466","RDL000118","Wpisany",65225
"WPS_WPI",86114,"CZĘSTOCHOWA","0000528462","GRUPA KAPITAŁOWA PARKMAR INKASSO SPÓŁKA AKCYJNA","9532642583","RDL000199","Wpisany",86114
"WPS_WPI",98902,"TORUŃ","0001203236","HELP INVESTMENT SPÓŁKA Z OGRANICZONĄ ODPOWIEDZIALNOŚCIĄ","9562407125","RDL000250","Wpisany",98902
"WPS_WPI",92127,"TENCZYNEK","0001178736","IDEAINWEST SPÓŁKA Z OGRANICZONĄ ODPOWIEDZIALNOŚCIĄ","5130303552","RDL000228","Wpisany",92127
"WPS_WPI",88262,"POZNAŃ","0001049329","IMPRESIO SPÓŁKA Z OGRANICZONĄ ODPOWIEDZIALNOŚCIĄ","7822927502","RDL000214","Wpisany",88262
"WPS_WPI",96435,"RZESZÓW","0001211984","IZZY&#39;S YOUNG PAWN SHOP- MULTITRADE  SPÓŁKA Z OGRANICZONĄ ODPOWIEDZIALNOŚCIĄ","5170466289","RDL000238","Wpisany",96435
"WPS_WPI",86752,"BUSKO-ZDRÓJ","0000629599","JANOV SPÓŁKA Z OGRANICZONĄ ODPOWIEDZIALNOŚCIĄ","6551973693","RDL000207","Wpisany",86752
"WPS_WPI",38850,"RAWA MAZOWIECKA","0001077911","JANTAR RAWKI SPÓŁKA Z OGRANICZONĄ ODPOWIEDZIALNOŚCIĄ","8351619143","RDL000044","Wpisany",38850
"WPS_WPI",35510,"RADOM","0001078689","JANTAR SPÓŁKA Z OGRANICZONĄ ODPOWIEDZIALNOŚCIĄ","9482643639","RDL000016","Wpisany",35510
"WPS_WPI",36492,"GORZÓW WIELKOPOLSKI","0001072717","JANUSZKIEWICZ FAMILIA SPÓŁKA Z OGRANICZONĄ ODPOWIEDZIALNOŚCIĄ","5993281253","RDL000022","Wpisany",36492
"WPS_WPI",72128,"CZĘSTOCHOWA","0001095106","JOKER LOMBARD SPÓŁKA Z OGRANICZONĄ ODPOWIEDZIALNOŚCIĄ","9492266196","RDL000166","Wpisany",72128
"WPS_WPI",43897,"GLIWICE","0000602404","JURAN GOLD SPÓŁKA Z OGRANICZONĄ ODPOWIEDZIALNOŚCIĄ","6312661105","RDL000086","Wpisany",43897
"WPS_WPI",72279,"OLECKO","0000837437","JUREWICZ INVESTMENTS SPÓŁKA Z OGRANICZONĄ ODPOWIEDZIALNOŚCIĄ","8471624827","RDL000169","Wpisany",72279
"WPS_WPI",72597,"NOWY SĄCZ","0001112171","K. O. INVEST SPÓŁKA Z OGRANICZONĄ ODPOWIEDZIALNOŚCIĄ","7343643244","RDL000172","Wpisany",72597
"WPS_WPI",36982,"WARSZAWA","0001081060","KALMAR SPÓŁKA Z OGRANICZONĄ ODPOWIEDZIALNOŚCIĄ","5223284669","RDL000024","Wpisany",36982
"WPS_WPI",65322,"SZCZECIN","0000842842","KAPRYS SPÓŁKA Z OGRANICZONĄ ODPOWIEDZIALNOŚCIĄ","9552541299","RDL000119","Wpisany",65322
"WPS_WPI",38190,"BYDGOSZCZ","0001040374","KASTOM SPÓŁKA Z OGRANICZONĄ ODPOWIEDZIALNOŚCIĄ","9671466693","RDL000039","Wpisany",38190
"WPS_WPI",44390,"CHORZÓW","0001079582","KK TESTO SPÓŁKA Z OGRANICZONĄ ODPOWIEDZIALNOŚCIĄ","6272789111","RDL000089","Wpisany",44390
"WPS_WPI",38161,"POZNAŃ","0001068677","KOSMO SPÓŁKA Z OGRANICZONĄ ODPOWIEDZIALNOŚCIĄ","9721345975","RDL000038","Wpisany",38161
"WPS_WPI",42201,"KONIN","0000667879","KRAJOWE CENTRUM POŻYCZKOWE SPÓŁKA Z OGRANICZONĄ ODPOWIEDZIALNOŚCIĄ","6653005796","RDL000073","Wpisany",42201
"WPS_WPI",98874,"KATOWICE","0001119801","LBD 888 INVEST SPÓŁKA Z OGRANICZONĄ ODPOWIEDZIALNOŚCIĄ","9542874467","RDL000249","Wpisany",98874
"WPS_WPI",67984,"WARSZAWA","0000881668","LEMOON SPÓŁKA Z OGRANICZONĄ ODPOWIEDZIALNOŚCIĄ","5252850373","RDL000136","Wpisany",67984
"WPS_WPI",96808,"WROCŁAW","0001204642","LEO CAPITAL SPÓŁKA Z OGRANICZONĄ ODPOWIEDZIALNOŚCIĄ","8971962384","RDL000239","Wpisany",96808
"WPS_WPI",40146,"WARSZAWA","0000883791","LEXPRES SPÓŁKA Z OGRANICZONĄ ODPOWIEDZIALNOŚCIĄ","8971888512","RDL000053","Wpisany",40146
"WPS_WPI",41030,"WARSZAWA","0001095473","LIDER S. J. SPÓŁKA Z OGRANICZONĄ ODPOWIEDZIALNOŚCIĄ","5273104586","RDL000060","Wpisany",41030
"WPS_WPI",90020,"WŁOCŁAWEK","0000793806","LIMA 500 SPÓŁKA Z OGRANICZONĄ ODPOWIEDZIALNOŚCIĄ","8883141618","RDL000222","Wpisany",90020
"WPS_WPI",72375,"SZCZECIN","0001075198","LOMBARD  SPÓŁKA Z OGRANICZONĄ ODPOWIEDZIALNOŚCIĄ","8513304293","RDL000170","Wpisany",72375
"WPS_WPI",97988,"GNIEWKOWO","0001066436","LOMBARD 7 SPÓŁKA Z OGRANICZONĄ ODPOWIEDZIALNOŚCIĄ","5543018076","RDL000246","Wpisany",97988
"WPS_WPI",77244,"KONIN","0001113870","LOMBARD ABC SPÓŁKA Z OGRANICZONĄ ODPOWIEDZIALNOŚCIĄ","6653070061","RDL000182","Wpisany",77244
"WPS_WPI",71756,"PŁOTY","0001113157","LOMBARD BETA SPÓŁKA Z OGRANICZONĄ ODPOWIEDZIALNOŚCIĄ","8571939789","RDL000161","Wpisany",71756
"WPS_WPI",69400,"BŁONIE","0001077113","LOMBARD BŁONIE SPÓŁKA Z OGRANICZONĄ ODPOWIEDZIALNOŚCIĄ","1182275400","RDL000145","Wpisany",69400
"WPS_WPI",35482,"DZIERŻONIÓW","0001079830","LOMBARD BORYS  SPÓŁKA Z OGRANICZONĄ ODPOWIEDZIALNOŚCIĄ","8822146277","RDL000015","Wpisany",35482
"WPS_WPI",67221,"ŻYRARDÓW","0000577552","LOMBARD CENTRAL SP SPÓŁKA Z OGRANICZONĄ ODPOWIEDZIALNOŚCIĄ","8943066821","RDL000130","Wpisany",67221
"WPS_WPI",83669,"ELBLĄG","0001133365","LOMBARD CENTRUM SPÓŁKA Z OGRANICZONĄ ODPOWIEDZIALNOŚCIĄ","5783173586","RDL000195","Wpisany",83669
"WPS_WPI",98027,"BYDGOSZCZ","0001220094","LOMBARD CENTRUM SPÓŁKA Z OGRANICZONĄ ODPOWIEDZIALNOŚCIĄ","9671495200","RDL000247","Wpisany",98027
"WPS_WPI",65959,"SZCZECIN","0001078315","LOMBARD COMPLEX SPÓŁKA Z OGRANICZONĄ ODPOWIEDZIALNOŚCIĄ","8513304761","RDL000123","Wpisany",65959
"WPS_WPI",65987,"ELBLĄG","0001085332","LOMBARD EURO SPÓŁKA Z OGRANICZONĄ ODPOWIEDZIALNOŚCIĄ","5783167410","RDL000124","Wpisany",65987
"WPS_WPI",38101,"ŁÓDŹ","0001082269","LOMBARD FOKUS SPÓŁKA Z OGRANICZONĄ ODPOWIEDZIALNOŚCIĄ","7292753944","RDL000036","Wpisany",38101
"WPS_WPI",99452,"PRUSZKÓW","0001231034","LOMBARD GOLD ROYAL SPÓŁKA Z OGRANICZONĄ ODPOWIEDZIALNOŚCIĄ","5342710322","RDL000254","Wpisany",99452
"WPS_WPI",57511,"WROCŁAW","0001102425","LOMBARD GOLD SPÓŁKA Z OGRANICZONĄ ODPOWIEDZIALNOŚCIĄ","8992991942","RDL000097","Wpisany",57511
"WPS_WPI",67630,"ŚWIEBODZIN","0001110911","LOMBARD GOLD SPÓŁKA Z OGRANICZONĄ ODPOWIEDZIALNOŚCIĄ","9271974173","RDL000134","Wpisany",67630
"WPS_WPI",72224,"PIOTRKÓW TRYBUNALSKI","0001114526","LOMBARD GOLD&SILVER SPÓŁKA Z OGRANICZONĄ ODPOWIEDZIALNOŚCIĄ","7712932979","RDL000167","Wpisany",72224
"WPS_WPI",38071,"WIELUŃ","0001079314","LOMBARD GROOSZ SPÓŁKA Z OGRANICZONĄ ODPOWIEDZIALNOŚCIĄ","8322095772","RDL000035","Wpisany",38071
"WPS_WPI",39951,"KALISZ","0001089734","LOMBARD GROSZ KALISZ SPÓŁKA Z OGRANICZONĄ ODPOWIEDZIALNOŚCIĄ","6182202131","RDL000050","Wpisany",39951
"WPS_WPI",34487,"SZKLARSKA PORĘBA","0001068633","LOMBARD GROSZ SPÓŁKA Z OGRANICZONĄ ODPOWIEDZIALNOŚCIĄ","6112829994","RDL000005","Wpisany",34487
"WPS_WPI",40602,"TUREK","0001089738","LOMBARD GROSZ TUREK SPÓŁKA Z OGRANICZONĄ ODPOWIEDZIALNOŚCIĄ","6682014125","RDL000055","Wpisany",40602
"WPS_WPI",34908,"ŁÓDŹ","0001078857","LOMBARD HALO GSM SPÓŁKA Z OGRANICZONĄ ODPOWIEDZIALNOŚCIĄ","7252339090","RDL000007","Wpisany",34908
"WPS_WPI",38725,"GORZÓW WIELKOPOLSKI","0001089591","LOMBARD JANOSIK SPÓŁKA Z OGRANICZONĄ ODPOWIEDZIALNOŚCIĄ","5993284300","RDL000042","Wpisany",38725
"WPS_WPI",64706,"ELBLĄG","0001066480","LOMBARD JOKER SPÓŁKA Z OGRANICZONĄ ODPOWIEDZIALNOŚCIĄ","5783165635","RDL000116","Wpisany",64706
"WPS_WPI",86781,"WROCŁAW","0000865874","LOMBARD JULA SPÓŁKA Z OGRANICZONĄ ODPOWIEDZIALNOŚCIĄ","8982261231","RDL000208","Wpisany",86781
"WPS_WPI",41995,"KRAKÓW","0001084620","LOMBARD K18 SPÓŁKA Z OGRANICZONĄ ODPOWIEDZIALNOŚCIĄ","6793289606","RDL000071","Wpisany",41995
"WPS_WPI",37872,"KALISZ","0001086385","LOMBARD KALISZ SPÓŁKA Z OGRANICZONĄ ODPOWIEDZIALNOŚCIĄ","6182201723","RDL000031","Wpisany",37872
"WPS_WPI",67193,"KRAKÓW","0001108338","LOMBARD KAPS 2 SPÓŁKA Z OGRANICZONĄ ODPOWIEDZIALNOŚCIĄ","9491852302","RDL000129","Wpisany",67193
"WPS_WPI",60915,"SOSNOWIEC","0001099360","LOMBARD KAPS 4 SPÓŁKA Z OGRANICZONĄ ODPOWIEDZIALNOŚCIĄ","6443485100","RDL000106","Wpisany",60915
"WPS_WPI",86170,"CZĘSTOCHOWA","0000926700","LOMBARD KAPS SPÓŁKA Z OGRANICZONĄ ODPOWIEDZIALNOŚCIĄ","9492250686","RDL000201","Wpisany",86170
"WPS_WPI",71036,"PABIANICE","0000662317","LOMBARD KING SPÓŁKA Z OGRANICZONĄ ODPOWIEDZIALNOŚCIĄ","7312054469","RDL000151","Wpisany",71036
"WPS_WPI",44447,"KONIN","0001101660","LOMBARD KONIN GSM SERWIS SPÓŁKA Z OGRANICZONĄ ODPOWIEDZIALNOŚCIĄ","6653066295","RDL000091","Wpisany",44447
"WPS_WPI",37816,"KOSZALIN","0001085219","LOMBARD KOSZALIN SPÓŁKA Z OGRANICZONĄ ODPOWIEDZIALNOŚCIĄ","6692577775","RDL000029","Wpisany",37816
"WPS_WPI",45410,"KRAKÓW","0001074387","LOMBARD KP SPÓŁKA Z OGRANICZONĄ ODPOWIEDZIALNOŚCIĄ","6793285181","RDL000094","Wpisany",45410
"WPS_WPI",86563,"LUBLINIEC","0001142986","LOMBARD LECH ŚWIERCZYŃSKI SPÓŁKA Z OGRANICZONĄ ODPOWIEDZIALNOŚCIĄ","5751912543","RDL000204","Wpisany",86563
"WPS_WPI",40116,"GRODZISK MAZOWIECKI","0001076588","LOMBARD LOMBI-CASH SPÓŁKA Z OGRANICZONĄ ODPOWIEDZIALNOŚCIĄ","5291851276","RDL000052","Wpisany",40116
"WPS_WPI",60859,"WROCŁAW","0001102379","LOMBARD MEDIUM  SPÓŁKA Z OGRANICZONĄ ODPOWIEDZIALNOŚCIĄ","8992991936","RDL000104","Wpisany",60859
"WPS_WPI",71272,"WARSZAWA","0001076268","LOMBARD MOBILNY SPÓŁKA Z OGRANICZONĄ ODPOWIEDZIALNOŚCIĄ","7011180185","RDL000158","Wpisany",71272
"WPS_WPI",83195,"WŁOCŁAWEK","0000611415","LOMBARD PALMOWSKI SPÓŁKA Z OGRANICZONĄ ODPOWIEDZIALNOŚCIĄ","8883125223","RDL000193","Wpisany",83195
"WPS_WPI",71092,"BUSKO-ZDRÓJ","0001110328","LOMBARD PAWEŁ KOBIERSKI  SPÓŁKA Z OGRANICZONĄ ODPOWIEDZIALNOŚCIĄ","6551988849","RDL000153","Wpisany",71092
"WPS_WPI",72251,"CZĘSTOCHOWA","0001078383","LOMBARD PIERWSZY SPÓŁKA Z OGRANICZONĄ ODPOWIEDZIALNOŚCIĄ","9492266032","RDL000168","Wpisany",72251
"WPS_WPI",61054,"WROCŁAW","0001101975","LOMBARD PLATINUM SPÓŁKA Z OGRANICZONĄ ODPOWIEDZIALNOŚCIĄ","8992991741","RDL000110","Wpisany",61054
"WPS_WPI",37416,"WIELUŃ","0001079119","LOMBARD PLUS SPÓŁKA Z OGRANICZONĄ ODPOWIEDZIALNOŚCIĄ","8322095743","RDL000026","Wpisany",37416
"WPS_WPI",38042,"BIAŁA PODLASKA","0001083758","LOMBARD POCZTOWA 2B SPÓŁKA Z OGRANICZONĄ ODPOWIEDZIALNOŚCIĄ","5372679226","RDL000034","Wpisany",38042
"WPS_WPI",72685,"NOWY TOMYŚL","0001113314","LOMBARD POŻYCZKI POD ZASTAW NOWY TOMYŚL SPÓŁKA Z OGRANICZONĄ ODPOWIEDZIALNOŚCIĄ","7882043155","RDL000175","Wpisany",72685
"WPS_WPI",60757,"WROCŁAW","0001101501","LOMBARD PREMIUM SPÓŁKA Z OGRANICZONĄ ODPOWIEDZIALNOŚCIĄ","8992991764","RDL000101","Wpisany",60757
"WPS_WPI",61017,"WROCŁAW","0001102451","LOMBARD SILVER  SPÓŁKA Z OGRANICZONĄ ODPOWIEDZIALNOŚCIĄ","8992991994","RDL000109","Wpisany",61017
"WPS_WPI",90737,"PASŁĘK","0001168425","LOMBARD SKNERUS SPÓŁKA Z OGRANICZONĄ ODPOWIEDZIALNOŚCIĄ","5783178017","RDL000225","Wpisany",90737
"WPS_WPI",36082,"WROCŁAW","0001080537","LOMBARD SŁOWIK SPÓŁKA Z OGRANICZONĄ ODPOWIEDZIALNOŚCIĄ","8952266761","RDL000019","Wpisany",36082
"WPS_WPI",45560,"SZCZECIN","0001079597","LOMBARD SOS SPÓŁKA Z OGRANICZONĄ ODPOWIEDZIALNOŚCIĄ","8522703035","RDL000095","Wpisany",45560
"WPS_WPI",60729,"WROCŁAW","0001102544","LOMBARD SYSTEM  SPÓŁKA Z OGRANICZONĄ ODPOWIEDZIALNOŚCIĄ","8992992108","RDL000100","Wpisany",60729
"WPS_WPI",41967,"MŁAWA","0000717513","LOMBARD SZTYBURSCY SPÓŁKA Z OGRANICZONĄ ODPOWIEDZIALNOŚCIĄ","5691888739","RDL000070","Wpisany",41967
"WPS_WPI",96836,"WARSZAWA","0001209366","LOMBARD TRADETOM SPÓŁKA Z OGRANICZONĄ ODPOWIEDZIALNOŚCIĄ","5223356110","RDL000240","Wpisany",96836
"WPS_WPI",99296,"WROCŁAW","0001233149","LOMBARD U ADAMA SPÓŁKA Z OGRANICZONĄ ODPOWIEDZIALNOŚCIĄ","8943284363","RDL000253","Wpisany",99296
"WPS_WPI",82502,"ELBLĄG","0001133025","LOMBARD U DANIELA SPÓŁKA Z OGRANICZONĄ ODPOWIEDZIALNOŚCIĄ","5783173505","RDL000191","Wpisany",82502
"WPS_WPI",43869,"CHODZIEŻ","0001080042","LOMBARD U MIZIEGO POŻYCZKI POD ZASTAW WSZYSTKIEGO SPÓŁKA Z OGRANICZONĄ ODPOWIEDZIALNOŚCIĄ","6070095144","RDL000085","Wpisany",43869
"WPS_WPI",37387,"PRAŁKOWCE","0001083541","LOMBARD U ROBSONA  SPÓŁKA Z OGRANICZONĄ ODPOWIEDZIALNOŚCIĄ","7952579442","RDL000025","Wpisany",37387
"WPS_WPI",82407,"ELBLĄG","0001133363","LOMBARD UNIKAT SPÓŁKA Z OGRANICZONĄ ODPOWIEDZIALNOŚCIĄ","5783173563","RDL000190","Wpisany",82407
"WPS_WPI",43511,"ŁÓDŹ","0001103519","LOMBARD W PATIO SPÓŁKA Z OGRANICZONĄ ODPOWIEDZIALNOŚCIĄ","9820391292","RDL000084","Wpisany",43511
"WPS_WPI",42651,"BYDGOSZCZ","0001087347","LOMBARD WANESS SPÓŁKA Z OGRANICZONĄ ODPOWIEDZIALNOŚCIĄ","9671473724","RDL000078","Wpisany",42651
"WPS_WPI",42709,"KUTNO","0001083464","LOMBARD WARSZAWSKI - KANTOR SPÓŁKA Z OGRANICZONĄ ODPOWIEDZIALNOŚCIĄ","7752673047","RDL000080","Wpisany",42709
"WPS_WPI",71178,"PIASECZNO","0001108677","LOMBARD WOLSKI SPÓŁKA Z OGRANICZONĄ ODPOWIEDZIALNOŚCIĄ","1231557861","RDL000156","Wpisany",71178
"WPS_WPI",93204,"KALISZ","0001187938","LOMBARD ZŁOTY PUNKT SPÓŁKA Z OGRANICZONĄ ODPOWIEDZIALNOŚCIĄ","6182209417","RDL000231","Wpisany",93204
"WPS_WPI",81806,"RZESZÓW","0000615817","LOMBARDI SPÓŁKA Z OGRANICZONĄ ODPOWIEDZIALNOŚCIĄ","8133720720","RDL000186","Wpisany",81806
"WPS_WPI",38878,"LUBLIN","0001091036","LOMBARDIA GRUPA TERAPEUTYCZNA SPÓŁKA Z OGRANICZONĄ ODPOWIEDZIALNOŚCIĄ","7123471373","RDL000045","Wpisany",38878
"WPS_WPI",100866,"BOLESŁAWIEC","0001239266","LOMBARDIA SPÓŁKA Z OGRANICZONĄ ODPOWIEDZIALNOŚCIĄ","6121894732","RDL000259","Wpisany",100866
"WPS_WPI",98662,"WROCŁAW","0001213331","LOMBARDIER SPÓŁKA Z OGRANICZONĄ ODPOWIEDZIALNOŚCIĄ","8982328343","RDL000248","Wpisany",98662
"WPS_WPI",36804,"POZNAŃ","0000608630","LOMBARDIS - KOMIS - GOLD SPÓŁKA Z OGRANICZONĄ ODPOWIEDZIALNOŚCIĄ","7831739272","RDL000023","Wpisany",36804
"WPS_WPI",34431,"DZIERZGOŃ","0001079477","LOMBARD-KOMIS SKNERUS SPÓŁKA Z OGRANICZONĄ ODPOWIEDZIALNOŚCIĄ","5792293031","RDL000003","Wpisany",34431
"WPS_WPI",89222,"SKOCZÓW","0001149152","LOMBARDS.PL SPÓŁKA Z OGRANICZONĄ ODPOWIEDZIALNOŚCIĄ","5482765398","RDL000218","Wpisany",89222
"WPS_WPI",55977,"RADOM","0001074143","LOMIS  SPÓŁKA Z OGRANICZONĄ ODPOWIEDZIALNOŚCIĄ","9482643036","RDL000096","Wpisany",55977
"WPS_WPI",72455,"HRUBIESZÓW","0001110964","LOM&MBARD SPÓŁKA Z OGRANICZONĄ ODPOWIEDZIALNOŚCIĄ","9191839295","RDL000171","Wpisany",72455
"WPS_WPI",70780,"WROCŁAW","0000599554","LOOMBARD POLSKA SPÓŁKA Z OGRANICZONĄ ODPOWIEDZIALNOŚCIĄ","8992782517","RDL000147","Wpisany",70780
"WPS_WPI",96865,"POZNAŃ","0001065069","MAJOKA SPÓŁKA Z OGRANICZONĄ ODPOWIEDZIALNOŚCIĄ","7831890483","RDL000241","Wpisany",96865
"WPS_WPI",65590,"ŁÓDŹ","0001070673","MAK$ SPÓŁKA Z OGRANICZONĄ ODPOWIEDZIALNOŚCIĄ","7252337731","RDL000120","Wpisany",65590
"WPS_WPI",64167,"BYDGOSZCZ","0000613508","MAŁY-KREDYT.PL SPÓŁKA Z OGRANICZONĄ ODPOWIEDZIALNOŚCIĄ","9671375938","RDL000113","Wpisany",64167
"WPS_WPI",99768,"WROCŁAW","0001232015","MARCHAND SPÓŁKA Z OGRANICZONĄ ODPOWIEDZIALNOŚCIĄ","8982332379","RDL000255","Wpisany",99768
"WPS_WPI",34880,"WROCŁAW","0000580048","MARESA SPÓŁKA Z OGRANICZONĄ ODPOWIEDZIALNOŚCIĄ","8971814554","RDL000006","Wpisany",34880
"WPS_WPI",98930,"KIEŁCZYGŁÓW","0001222710","MASFIX SPÓŁKA Z OGRANICZONĄ ODPOWIEDZIALNOŚCIĄ","5080104683","RDL000251","Wpisany",98930
"WPS_WPI",71206,"WROCŁAW","0001055983","MASTER CENTER SPÓŁKA Z OGRANICZONĄ ODPOWIEDZIALNOŚCIĄ","8971926916","RDL000157","Wpisany",71206
"WPS_WPI",38130,"DĄBROWA GÓRNICZA","0000611757","MATPOL FINANSE SPÓŁKA Z OGRANICZONĄ ODPOWIEDZIALNOŚCIĄ","6292474445","RDL000037","Wpisany",38130
"WPS_WPI",67396,"JELENIA GÓRA","0000655446","MAX CASH SPÓŁKA Z OGRANICZONĄ ODPOWIEDZIALNOŚCIĄ","6112771579","RDL000131","Wpisany",67396
"WPS_WYK",65931,"WROCŁAW","0001107956","MAX LOMBARD SPÓŁKA Z OGRANICZONĄ ODPOWIEDZIALNOŚCIĄ","8982308211","RDL000122","Wykreślony",65931
"WPS_WPI",60822,"POZNAŃ","0001077518","MAXGOLD SPÓŁKA Z OGRANICZONĄ ODPOWIEDZIALNOŚCIĄ","7831894216","RDL000103","Wpisany",60822
"WPS_WYK",60794,"WROCŁAW","0001102990","MEDIUM SPÓŁKA Z OGRANICZONĄ ODPOWIEDZIALNOŚCIĄ","8992992309","RDL000102","Wykreślony",60794
"WPS_WPI",69163,"WARSZAWA","0000443179","METAL MARKET EUROPE SPÓŁKA Z OGRANICZONĄ ODPOWIEDZIALNOŚCIĄ","7831696976","RDL000142","Wpisany",69163
"WPS_WPI",34993,"KROSNO","0001077539","METATRON SPÓŁKA Z OGRANICZONĄ ODPOWIEDZIALNOŚCIĄ","6842674297","RDL000010","Wpisany",34993
"WPS_WPI",35852,"NOWY SĄCZ","0000812305","MEWA FINANSE SPÓŁKA Z OGRANICZONĄ ODPOWIEDZIALNOŚCIĄ","7343577116","RDL000018","Wpisany",35852
"WPS_WPI",86324,"POZNAŃ","0000081382","MF 1 SPÓŁKA Z OGRANICZONĄ ODPOWIEDZIALNOŚCIĄ","5862006457","RDL000203","Wpisany",86324
"WPS_WPI",89992,"WARSZAWA","0001167153","MIASTOWY LOMBARD SPÓŁKA Z OGRANICZONĄ ODPOWIEDZIALNOŚCIĄ","1133164706","RDL000221","Wpisany",89992
"WPS_WPI",68043,"CZECHOWICE-DZIEDZICE","0001113306","MIESZEK.COM SPÓŁKA Z OGRANICZONĄ ODPOWIEDZIALNOŚCIĄ","6521755922","RDL000138","Wpisany",68043
"WPS_WPI",88290,"TYCHY","0001154025","MIKE SPÓŁKA Z OGRANICZONĄ ODPOWIEDZIALNOŚCIĄ","6463018614","RDL000215","Wpisany",88290
"WPS_WPI",65768,"ŁOBEZ","0001079367","MILEX LOMBARD-KOMIS SPÓŁKA Z OGRANICZONĄ ODPOWIEDZIALNOŚCIĄ","2530361327","RDL000121","Wpisany",65768
"WPS_WPI",34459,"OLSZTYN","0001079797","MINI-MAX SPÓŁKA Z OGRANICZONĄ ODPOWIEDZIALNOŚCIĄ","7393994052","RDL000004","Wpisany",34459
"WPS_WPI",37903,"LUBLIN","0001083232","MLOMBARD SPÓŁKA Z OGRANICZONĄ ODPOWIEDZIALNOŚCIĄ","9462736289","RDL000032","Wpisany",37903
"WPS_WPI",70752,"KATOWICE","0000637003","MM GIEŁDA SPÓŁKA Z OGRANICZONĄ ODPOWIEDZIALNOŚCIĄ","9542770236","RDL000146","Wpisany",70752
"WPS_WPI",69108,"BYDGOSZCZ","0000935161","MOBILNY LOMBARD RADINERO SPÓŁKA Z OGRANICZONĄ ODPOWIEDZIALNOŚCIĄ","9671451154","RDL000140","Wpisany",69108
"WPS_WPI",87660,"KIELCE","0001150920","MOJA PIERWSZA SPÓŁKA Z OGRANICZONĄ ODPOWIEDZIALNOŚCIĄ","9592079789","RDL000210","Wpisany",87660
"WPS_WPI",36110,"DĄBROWA GÓRNICZA","0001079544","MOL-POL SPÓŁKA Z OGRANICZONĄ ODPOWIEDZIALNOŚCIĄ","6292510589","RDL000020","Wpisany",36110
"WPS_WPI",100355,"WROCŁAW","0001254857","MONETIX SPÓŁKA Z OGRANICZONĄ ODPOWIEDZIALNOŚCIĄ","8993063799","RDL000257","Wpisany",100355
"WPS_WPI",70970,"WARSZAWA","0000881650","MOSHE SPÓŁKA Z OGRANICZONĄ ODPOWIEDZIALNOŚCIĄ","5252850456","RDL000149","Wpisany",70970
"WPS_WPI",38014,"KIELCE","0000598806","MULTIFINANS SPÓŁKA Z OGRANICZONĄ ODPOWIEDZIALNOŚCIĄ","9591969044","RDL000033","Wpisany",38014
"WPS_WPI",72825,"KIELCE","0001081150","NALIA SPÓŁKA Z OGRANICZONĄ ODPOWIEDZIALNOŚCIĄ","9592068811","RDL000177","Wpisany",72825
"WPS_WPI",42337,"GDYNIA","0000327324","NEON TV SPÓŁKA Z OGRANICZONĄ ODPOWIEDZIALNOŚCIĄ","5862233934","RDL000075","Wpisany",42337
"WPS_WPI",86602,"KIELCE","0000574341","NG PARTNERS SPÓŁKA Z OGRANICZONĄ ODPOWIEDZIALNOŚCIĄ","9591964609","RDL000205","Wpisany",86602
"WPS_WPI",91606,"GRUDZIĄDZ","0001112295","NO.1 SPÓŁKA Z OGRANICZONĄ ODPOWIEDZIALNOŚCIĄ","8762511128","RDL000227","Wpisany",91606
"WPS_WPI",38821,"ŻYCHLIN","0001089443","NOORDD LOMBARD MOBILNY SPÓŁKA Z OGRANICZONĄ ODPOWIEDZIALNOŚCIĄ","7752673484","RDL000043","Wpisany",38821
"WPS_WPI",67603,"RADOMSKO","0000994252","NOWY UROK SPÓŁKA Z OGRANICZONĄ ODPOWIEDZIALNOŚCIĄ","7722429532","RDL000133","Wpisany",67603
"WPS_WPI",92909,"CZĘSTOCHOWA","0001167108","ORAFO SPÓŁKA Z OGRANICZONĄ ODPOWIEDZIALNOŚCIĄ","9492275367","RDL000230","Wpisany",92909
"WPS_WPI",89073,"SOSNOWIEC","0001159972","OSKARO SPÓŁKA Z OGRANICZONĄ ODPOWIEDZIALNOŚCIĄ","6443590009","RDL000217","Wpisany",89073
"WPS_WPI",71783,"GORZÓW WIELKOPOLSKI","0000661788","OSTOJA SPÓŁKA Z OGRANICZONĄ ODPOWIEDZIALNOŚCIĄ","5993195163","RDL000162","Wpisany",71783
"WPS_WPI",42767,"ALEKSANDRÓW ŁÓDZKI","0001058178","PAIO SPÓŁKA Z OGRANICZONĄ ODPOWIEDZIALNOŚCIĄ","7282876912","RDL000082","Wpisany",42767
"WPS_WYK",64375,"KOSZALIN","0000623650","PARTNER SPÓŁKA Z OGRANICZONĄ ODPOWIEDZIALNOŚCIĄ","6691003807","RDL000114","Wykreślony",64375
"WPS_WPI",41346,"BYDGOSZCZ","0001093916","PAWNLOMBARD PM SPÓŁKA Z OGRANICZONĄ ODPOWIEDZIALNOŚCIĄ","9671474592","RDL000067","Wpisany",41346
"WPS_WPI",41374,"BYDGOSZCZ","0001094873","PAWNLOMBARD SPÓŁKA Z OGRANICZONĄ ODPOWIEDZIALNOŚCIĄ","5543023083","RDL000068","Wpisany",41374
"WPS_WPI",41203,"BYDGOSZCZ","0001094236","PAWNS SPÓŁKA Z OGRANICZONĄ ODPOWIEDZIALNOŚCIĄ","9532802609","RDL000062","Wpisany",41203
"WPS_WPI",35266,"ZABRZE","0001080442","P-DUD 1999R. SPÓŁKA Z OGRANICZONĄ ODPOWIEDZIALNOŚCIĄ","6482820815","RDL000012","Wpisany",35266
"WPS_WPI",65114,"ŁÓDŹ","0000700957","PETEL SPÓŁKA Z OGRANICZONĄ ODPOWIEDZIALNOŚCIĄ","7292719798","RDL000117","Wpisany",65114
"WPS_WPI",42738,"MOSINA","0000730427","P.H.U. CALYPSO SPÓŁKA Z OGRANICZONĄ ODPOWIEDZIALNOŚCIĄ","7773319167","RDL000081","Wpisany",42738
"WPS_WPI",42681,"MOSINA","0000730424","P.H.U. NOVO SPÓŁKA Z OGRANICZONĄ ODPOWIEDZIALNOŚCIĄ","7773319173","RDL000079","Wpisany",42681
"WPS_WPI",72627,"WROCŁAW","0000996230","PIEKAR SPÓŁKA Z OGRANICZONĄ ODPOWIEDZIALNOŚCIĄ","8952248036","RDL000173","Wpisany",72627
"WPS_WYK",60701,"WROCŁAW","0001103366","PLATINUM DRAGON SPÓŁKA Z OGRANICZONĄ ODPOWIEDZIALNOŚCIĄ","8992992568","RDL000099","Wykreślony",60701
"WPS_WPI",71149,"KARWIANY","0001078283","PLUS LOMBARD SPÓŁKA Z OGRANICZONĄ ODPOWIEDZIALNOŚCIĄ","8961633437","RDL000155","Wpisany",71149
"WPS_WPI",42476,"ŚWIĘTA KATARZYNA","0000728658","PMK AUXILIUM  SPÓŁKA Z OGRANICZONĄ ODPOWIEDZIALNOŚCIĄ","8961578193","RDL000077","Wpisany",42476
"WPS_WPI",95721,"WROCŁAW","0001200917","POINTLINE SPÓŁKA Z OGRANICZONĄ ODPOWIEDZIALNOŚCIĄ","8943271366","RDL000237","Wpisany",95721
"WPS_WPI",60943,"MALBORK","0000378787","POSTEA SPÓŁKA Z OGRANICZONĄ ODPOWIEDZIALNOŚCIĄ","5792234324","RDL000107","Wpisany",60943
"WPS_WPI",69191,"TYCHY","0000489543","POŚREDNICTWO FINANSOWE JOKER SPÓŁKA Z OGRANICZONĄ ODPOWIEDZIALNOŚCIĄ","6462932511","RDL000143","Wpisany",69191
"WPS_WPI",88009,"BARANÓWKA","0001149280","PROFIN GROUP SPÓŁKA Z OGRANICZONĄ ODPOWIEDZIALNOŚCIĄ","6821808350","RDL000213","Wpisany",88009
"WPS_WPI",41231,"WARSZAWA","0001070666","PROFIT CENTRUM SPÓŁKA Z OGRANICZONĄ ODPOWIEDZIALNOŚCIĄ","8971930154","RDL000063","Wpisany",41231
"WPS_WPI",40974,"WARSZAWA","0001072403","PROFIT PRAGA SPÓŁKA Z OGRANICZONĄ ODPOWIEDZIALNOŚCIĄ","8971930438","RDL000058","Wpisany",40974
"WPS_WPI",70808,"WROCŁAW","0000646336","PROGRAM PLUS SPÓŁKA Z OGRANICZONĄ ODPOWIEDZIALNOŚCIĄ","8992802208","RDL000148","Wpisany",70808
"WPS_WPI",71867,"WROCŁAW","0000629354","PROSSPERO SPÓŁKA Z OGRANICZONĄ ODPOWIEDZIALNOŚCIĄ","2530339262","RDL000165","Wpisany",71867
"WPS_WPI",83884,"SNOWIDZA","0001136875","PRZEDSIĘBIORSTWO WIELOBRANŻOWE SPÓŁKA Z OGRANICZONĄ ODPOWIEDZIALNOŚCIĄ","6951539500","RDL000198","Wpisany",83884
"WPS_WPI",34403,"GORZÓW WIELKOPOLSKI","0001072935","PUH SEZAM SPÓŁKA Z OGRANICZONĄ ODPOWIEDZIALNOŚCIĄ","5993281276","RDL000002","Wpisany",34403
"WPS_WPI",100787,"MIASTECZKO ŚLĄSKIE","0001262972","R&M AURUM SPÓŁKA Z OGRANICZONĄ ODPOWIEDZIALNOŚCIĄ","6452601801","RDL000258","Wpisany",100787
"WPS_WPI",42796,"ŁÓDŹ","0001077734","ROBERT&#39;S SPÓŁKA Z OGRANICZONĄ ODPOWIEDZIALNOŚCIĄ","7292753588","RDL000083","Wpisany",42796
"WPS_WPI",41060,"WARSZAWA","0001070586","SAVA WOLA SPÓŁKA Z OGRANICZONĄ ODPOWIEDZIALNOŚCIĄ","8971930042","RDL000061","Wpisany",41060
"WPS_WYK",60980,"WROCŁAW","0001102469","SILVER  SPÓŁKA Z OGRANICZONĄ ODPOWIEDZIALNOŚCIĄ","8992991971","RDL000108","Wykreślony",60980
"WPS_WPI",35426,"KRAKÓW","0001080806","SK LOMBARD SPÓŁKA Z OGRANICZONĄ ODPOWIEDZIALNOŚCIĄ","9452213934","RDL000013","Wpisany",35426
"WPS_WPI",90295,"BYTOM","0000471550","SKAB SPÓŁKA Z OGRANICZONĄ ODPOWIEDZIALNOŚCIĄ","6263012765","RDL000223","Wpisany",90295
"WPS_WPI",95180,"BRZOZÓW","0001200114","SKNERUS SPÓŁKA Z OGRANICZONĄ ODPOWIEDZIALNOŚCIĄ","6861702758","RDL000236","Wpisany",95180
"WPS_WPI",37844,"GORZÓW WIELKOPOLSKI","0001081781","SŁOŃCE SPÓŁKA Z OGRANICZONĄ ODPOWIEDZIALNOŚCIĄ","5993282494","RDL000030","Wpisany",37844
"WPS_WPI",97750,"KROTOSZYN","0001220431","SMOKTEC SPÓŁKA Z OGRANICZONĄ ODPOWIEDZIALNOŚCIĄ","6211854541","RDL000244","Wpisany",97750
"WPS_WPI",97136,"KOSZALIN","0001211764","SMVB SPÓŁKA Z OGRANICZONĄ ODPOWIEDZIALNOŚCIĄ","6692589637","RDL000242","Wpisany",97136
"WPS_WPI",64403,"IŁAWA","0000657564","SPEED MONEY SPÓŁKA Z OGRANICZONĄ ODPOWIEDZIALNOŚCIĄ","7441815031","RDL000115","Wpisany",64403
"WPS_WPI",33943,"ZDUŃSKA WOLA","0001072968","SPOKO LOMBARD 2 SPÓŁKA Z OGRANICZONĄ ODPOWIEDZIALNOŚCIĄ","8291753598","RDL000001","Wpisany",33943
"WPS_WPI",34936,"ZDUŃSKA WOLA","0001075204","SPOKO LOMBARD SPÓŁKA Z OGRANICZONĄ ODPOWIEDZIALNOŚCIĄ","8291753658","RDL000008","Wpisany",34936
"WPS_WPI",37754,"CHORZÓW","0000589748","SUKURS FINANSE SPÓŁKA Z OGRANICZONĄ ODPOWIEDZIALNOŚCIĄ","6272743830","RDL000027","Wpisany",37754
"WPS_WPI",38964,"ŁÓDŹ","0000603668","SUPERCASH SPÓŁKA Z OGRANICZONĄ ODPOWIEDZIALNOŚCIĄ","9471986488","RDL000048","Wpisany",38964
"WPS_WYK",64139,"WROCŁAW","0001102479","SYSTEM   SPÓŁKA Z OGRANICZONĄ ODPOWIEDZIALNOŚCIĄ","8992991988","RDL000112","Wykreślony",64139
"WPS_WPI",81925,"RZESZÓW","0001127300","SZELI SPÓŁKA Z OGRANICZONĄ ODPOWIEDZIALNOŚCIĄ","5170451359","RDL000187","Wpisany",81925
"WPS_WPI",82530,"ŻELISŁAWICZKI","0001112318","TADAAAM  SPÓŁKA Z OGRANICZONĄ ODPOWIEDZIALNOŚCIĄ","6090085775","RDL000192","Wpisany",82530
"WPS_WPI",67576,"ELBLĄG","0001080083","TAKE CASH SPÓŁKA Z OGRANICZONĄ ODPOWIEDZIALNOŚCIĄ","5783166853","RDL000132","Wpisany",67576
"WPS_WPI",100132,"BARLINEK","0001249606","TEL-SYSTEM SPÓŁKA Z OGRANICZONĄ ODPOWIEDZIALNOŚCIĄ","5971766167","RDL000256","Wpisany",100132
"WPS_WPI",71727,"WARSZAWA","0000960845","THOREX SPÓŁKA Z OGRANICZONĄ ODPOWIEDZIALNOŚCIĄ","5252900378","RDL000160","Wpisany",71727
"WPS_WPI",73159,"ZEMBORZYCE PODLEŚNE","0001047016","TILLY SPÓŁKA Z OGRANICZONĄ ODPOWIEDZIALNOŚCIĄ","5214027884","RDL000180","Wpisany",73159
"WPS_WPI",41403,"KRASNYSTAW","0001085200","TOP SPÓŁKA Z OGRANICZONĄ ODPOWIEDZIALNOŚCIĄ","5641801280","RDL000069","Wpisany",41403
"WPS_WPI",66568,"KRAKÓW","0001075951","TWÓJ LOMBARD-LOMBARTEK SPÓŁKA Z OGRANICZONĄ ODPOWIEDZIALNOŚCIĄ","6793285838","RDL000126","Wpisany",66568
"WPS_WPI",38696,"PYSKOWICE","0001084899","UJA-CORP SPÓŁKA Z OGRANICZONĄ ODPOWIEDZIALNOŚCIĄ","9691662658","RDL000041","Wpisany",38696
"WPS_WPI",89384,"WĄGROWIEC","0001163278","VENTUS SPÓŁKA Z OGRANICZONĄ ODPOWIEDZIALNOŚCIĄ","7662014766","RDL000219","Wpisany",89384
"WPS_WYK",41290,"WROCŁAW","0001070314","VIKING CENTRUM SPÓŁKA Z OGRANICZONĄ ODPOWIEDZIALNOŚCIĄ","8971930071","RDL000065","Wykreślony",41290
"WPS_WPI",73009,"WARSZAWA","0001116247","WARSZAWSKIE CENTRUM WSPARCIA FINANSOWEGO LOMBARD","5214078628","RDL000179","Wpisany",73009
"WPS_WPI",35238,"KRAKÓW","0001076084","WATCHES SPÓŁKA Z OGRANICZONĄ ODPOWIEDZIALNOŚCIĄ","6783212772","RDL000011","Wpisany",35238
"WPS_WPI",73187,"BIELAWA","0000664140","WĘGLIŃSKI INVEST SPÓŁKA Z OGRANICZONĄ ODPOWIEDZIALNOŚCIĄ","8822126317","RDL000181","Wpisany",73187
"WPS_WPI",72655,"LUBAŃ","0001075139","WGRE KORONA  SPÓŁKA Z OGRANICZONĄ ODPOWIEDZIALNOŚCIĄ","6131592777","RDL000174","Wpisany",72655
"WPS_WPI",95152,"LUBAŃ","0001202476","WGRE SPÓŁKA Z OGRANICZONĄ ODPOWIEDZIALNOŚCIĄ","6131597817","RDL000235","Wpisany",95152
"WPS_WPI",42309,"TOMASZÓW MAZOWIECKI","0000705368","WJOLA SPÓŁKA Z OGRANICZONĄ ODPOWIEDZIALNOŚCIĄ","7732484171","RDL000074","Wpisany",42309
"WPS_WPI",87632,"GDAŃSK","0001141103","WOJKAL LOMBARD SPÓŁKA Z OGRANICZONĄ ODPOWIEDZIALNOŚCIĄ","5833524735","RDL000209","Wpisany",87632
"WPS_WPI",60887,"KOBYŁKA","0000912481","X5 SPÓŁKA Z OGRANICZONĄ ODPOWIEDZIALNOŚCIĄ","1251721335","RDL000105","Wpisany",60887
"WPS_WPI",71839,"KARPACZ","0000622974","ZEGAREK.NET SPÓŁKA Z OGRANICZONĄ ODPOWIEDZIALNOŚCIĄ","6112766845","RDL000164","Wpisany",71839
