H_WP_ID,ID,LOKAL_MIEJSCOWOSC,LOKAL_KOD,LOKAL_ULICA,LOKAL_NR
,72806,Wieliczka,32-020,Edwarda Dembowskiego,1
38936,38801,Konin,62-510,Zakładowa,11/101
40087,37285,PIASECZNO,05-500,SZKOLNA,16
88632,67093,warszawa,02-507,wołoska, 56/11
71120,68135,Warszawa,03-358,Bartnicza,4 lok. U3
35756,35152,Bolesławiec,59-700,Adama Asnyka,19A
99184,93495,Międzyrzecz,66-300,Garncarska,4
69024,65749,Kraków,30-504,Kalwaryjska,6
83707,82483,Konin,62-510,Aleje 1 Maja,16
62175,43342,Będzin,42-500,Aleja Hugona Kołłątaja,50
94551,94399,Bydgoszcz,85-002,Ludwikowo,7/105
44980,43848,Wrocław,50-007,Hugona Kołłątaja,16
44980,43835,Wrocław,50-079,Ruska,64
36464,35654,Stargard,73-110,Piłsudskiego,97 b
36464,35602,Szczecin,71-525,Kołłataja,1
36464,35628,Szczecin,70-555,Wyzwolenia,12
36464,86934,Szczecin,70-314,Krzywoustego,22/u5
69136,66251,Biała Podlaska,21-500,Brzeska,2
42023,89578,Łaziska Górne,43-170,DWORCOWA,39
67834,66943,Gdańsk,80-855,Wały Piastowskie,1/1508
41318,76740,Olsztyn,10-038,Świętego Wojciecha,3/3a
41318,41184,Olsztyn,10-504,Kościuszki,32  lok. 1
44746,44054,Kraków,31-832,os Jagiellońskie,7
77339,73343,Białogard,78-200,Pomorska,2/6
86641,86544,Miętne,08-400,Spacerowa,31
71367,70951,Malbork,82-200,Wołyńska,18a
86142,85605,BARTOSZYCE,11-200,PLAC KONSTYTUCJI 3 MAJA,32/23
86142,85579,BRANIEWO,14-500,KOŚCIUSZKI,30A
86142,85592,KĘTRZYN,11-400,PLAC PIŁSUDSKIEGO,9
86142,85618,LIDZBARK WARMIŃSKI,11-100,WALDEMARA MILEWICZA,2
66691,65860,Szczecin,70-419,Pl. Rodła,1-2
66691,65873,Szczecin,71-515,Staszica 1,Pawilon 48A
66691,65912,Szczecin,70-555,Wyzwolenia,2
66691,65899,Szczecin,70-412,al. Niepodległości,4
66691,65886,Szczecin,70-533,Al. Wyzwolenia,12-14
72714,70487,BYDGOSZCZ,85-005,GDAŃSKA,77
38908,37192,Łódź,91-030,Woronicza,3
38908,37205,Łódź,90-411,Więckowskiego,3
38908,37218,Zgierz,95-100,Gałczyńskiego,33 bc
86228,96058,Bydgoszcz,85-105,Stary Rynek,20
82076,77510,STRZELIN,57-100,DZIERŻONIOWSKA,16E
81964,71703,Inowrocław,88-100,Dworcowa,2
81777,72531,CZĘSTOCHOWA,42-200,Aleja Naświętszej Maryi Panny,6
81777,72544,Częstochowa,42-216,Brzozowa,16
81777,72570,Katowice,40-009,Warszawska,13
81777,72557,Tarnowskie Góry,42-600,Piastowska,7
91385,90425,Elbląg,82-300,Hetmańska,8
34965,95750,Lipno,87-300,3 MAJA,16
37781,35737,Zabrze,41-800,3 Maja,1A
66175,54766,Bydgoszcz,85-430,Gawronia,74
66175,54779,Bydgoszcz,85-236,Grunwaldzka,2/2
68013,66876,Gniezno,62-200,ul.KRZYWE KOŁO,7A
68013,66863,Gniezno,62-200,ul.PLAC JÓZEFA PIŁSUDSKIEGO,11
77418,70884,Gdańsk,80-039,Trakt św. Wojciecha,20
42365,42115,Zawiercie,42-400,3 maja,21A
40918,39820,Ostrów Wielkopolski,63-400,Gimnazjalna,4
43962,98017,Warszawa,01-180,Górczewska,6/U3
43962,43048,Warszawa,01-496,Morcinka,32A
97845,97703,Iłowo-Osada,13-240,Władysława Łokietka,5A
44418,42952,Lubsko,68-300,Kopernika,8
71812,71542,GDAŃSK,80-264,ROMANA DMOWSKIEGO,16/6
71812,71607,GDAŃSK,80-037,MAŁOMIEJSKA,47
71812,71568,GDAŃSK,80-257,SŁOWACKIEGO,37A
71812,99756,Gdańsk,80-844,PODWALE STAROMIEJSKIE,104
71812,95555,Gdańsk,80-809,CIESZYŃSKIEGO,36/5B
71812,95564,Gdańsk,80-115,SKRAJNA,1
71812,95573,Gdańsk,80-234,GOSPODY,3C/2
71812,71581,GDYNIA,81-044,KARTUSKA,20A
71812,71594,GDYNIA,81-229,MORSKA,117/15
71812,71555,GDYNIA,81-388,ŚWIĘTOJAŃSKA,100A
71812,71620,SŁUPSK,76-200,WOLNOŚCI,37/38
35454,34659,Koło,62-600,Toruńska,35
35454,34685,Kutno,99-300,Kościuszki,4
35454,34698,Kutno,99-300,Zamenhofa,4
35454,34672,Sieradz,98-200,Polna,13
35454,34711,Zduńska Wola,98-220,Sieradzka,1
83640,83287,Szprotawa,67-300,Muzealna,11/5
87869,87084,NOWY SĄCZ,33-300,DŁUGOSZA,43/1
38668,38499,Myszków,42-300,Sikorskiego,16
69302,67789,Aleksandrów Kujawski,87-700,Fryderyka Chopina,15
69302,67815,Kruszwica,88-150,Rynek,20
69302,67802,Radziejów,88-200,Rynek,15
41259,39903,WARSZAWA,02-663,ALEJA LOTNIKÓW,1/55
40946,40043,Proszowice,32-100,3 maja,92
87699,68914,Bytów,77-100,Sikorskiego,12
87699,68979,Chełmno,86-200,Grudziądzka,1
87699,69005,Gdańsk,80-038,Podmiejska,12/U
87699,68992,Gdańsk,80-243,Romana Dmowskiego,7b
87699,68927,Kościerzyna,83-400,Świętojańska,18
87699,68940,Lębork,84-300,Staromiejska,14a
87699,68953,Starogard Gdański,83-200,Al. Armii Krajowej,22
87699,68966,Tczew,83-110,gen. Jarosława Dąbrowskiego,2
66596,65303,Pabianice,95-200,ZAMKOWA,48A
71064,70586,Warszawa,02-515,Puławska,11
65225,64479,Warszawa,00-898,Al. Solidarności,149
86114,96547,Częstochowa,42-200,Aleja Najświętszej Maryi Panny,13
98902,98823,Toruń,87-100,Końcowa,10/41
92127,91944,Chrzanów,32-500,Ogrodowa,5
92127,91931,Tenczynek,32-067,Akacjowa,8
88262,88165,Poznań,61-005,Św. Michała,100/6
96435,96378,Rzeszow,35-509,Obroncow Poczty Gdanskiej,14
86752,85345,Busko-Zdrój,28-100,Plac Zwycięstwa,5
38850,36695,Rawa Mazowiecka,96-200,Kościuszki,7
35510,37561,Radom,26-600,Traugutta,13
35510,33373,Radom,26-600,Gagarina,2
35510,85175,Radom,26-600,Sucha,2 lok. 8
35510,33448,Radom,26-600,Królowej Jadwigi,9a
35510,33422,Radom,26-600,Okulickiego,44
36492,35219,GORZÓW WIELKPOLSKI,66-400,CHROBREGO,21
72128,66130,Częstochowa,42-202,Al. Wolności,15A
72128,66143,Częstochowa,42-202,Plac Ignacego Daszyńskiego,13 lok 7
72128,66156,Częstochowa,42-216,Al. Niepodległości,46A
43897,43603,Gliwice,44-100,Basztowa,2
43897,43616,Gliwice,44-100,Ignacego Daszyńskiego,1
43897,43629,Gliwice,44-100,Lipowa,48
43897,43642,Gliwice,44-100,Zwycięstwa,43
43897,43655,Zabrze,41-800,Karłowicza,7
72279,72094,Olecko,19-400,Kolejowa,2b
72279,72107,Pisz,12-200,Kościuszki,10
72597,72355,Nowy Sącz,33-300,Długosza,43 L
36982,36445,Warszawa,02-030,Grójecka,27
36982,36432,Warszawa,02-495,Bohaterów Warszawy,35
65322,43275,Szczecin,70-766,ul. Leszczynowa,23
38190,35833,Bydgoszcz,85-077,Świętojańska,2
44390,43182,Chorzów,41-500,Katowicka,153
44390,43208,Chorzów,41-500,Hajducka,29
44390,43195,Chorzów,41-500,Wandy,43
38161,37368,Poznań,61-624,OS. KOSMONAUTÓW,4
42201,42182,Konin,62-510,Kleczewska,25
98874,98756,RYBNIK,44-200,ŚWIĘTEJ JADWIGI,14
67984,64849,Warszawa,03-733,Targowa,46 lok. 65
96808,96784,Wrocław,50-078,Stanisława Leszczyńskiego,4/25
40146,39577,Warszawa,00-683,Marszałkowska,85
40146,39590,Warszawa,03-844,Grochowska,255
40146,39603,warszawa,01-001,Jana Pawła II,41
41030,72999,Warszawa,04-158,ZAMIENIECKA,80 LOK 20
41030,40694,Warszawa,00-832,Żelazna,40
90020,89906,Włocławek,87-800,Spółdzielcza,10
72375,67722,Szczecin,71-411,Al. Wyzwolenia,87
97988,97598,Gniewkowo,88-140,Dworcowa,1A
77244,76877,Konin,62-500,Plac Zamkowy,9A
71756,69720,Gryfice,72-300,Bracka,2
71756,69733,Nowogard,72-200,5 Marca,9
69400,67010,Błonie,05-870,Warszawska,16
35482,35085,Dzierżoniów,58-200,marsz. Józefa Piłsudskiego,11
67221,44727,Żyrardów,96-300,1 maja,15
83669,82305,Elbląg,82-300,Hetmańska,5/3
98027,97435,Bydgoszcz,85-011,Jana i Jędrzeja Śniadeckich,20
65959,44287,Szczecin,70-461,Piłsudskiego,30/LU1
65987,65478,BRANIEWO,14-500,MONIUSZKI,2E
65987,65504,Nowy Dwór Gdański,82-100,SIKORSKIEGO,14
65987,65491,Nowy Dwór Gdański,82-100,MORSKA,3B
65987,65465,PASŁĘK,14-400,Ogrodowa,12
38101,36266,Łódź,93-504,Augusta Cieszkowskiego,7/7-U
99452,99006,Pruszków,05-800,Kraszewskiego,27 Lok. A
57511,46704,Augustów,16-300,MOSTOWA,6
57511,46713,Bartoszyce,11-200,BOHATERÓW WARSZAWY,69
57511,46722,Będzin,42-500,ALEJA KOŁŁĄTAJA,30
57511,46740,Biłgoraj,23-400,KOŚCIUSZKI,48
57511,46749,Biskupiec,11-300,MAZURSKIE PRZEDMIESCIE,10
57511,46767,Bytom,41-902,MARSZ. JÓZEFA PIŁSUDSKIEGO,80
57511,46758,Bytom,41-902,ANTONIEGO JÓZEFCZAKA,4
57511,46776,Bytom,41-907,ORZEGOWSKA,2/5
57511,46794,Chełm,22-100,KOLEJOWA,80/2
57511,46803,Chełm,22-100,LUBELSKA,75/3
57511,46812,Chełm,22-100,LWOWSKA,32
57511,46821,Chełm,22-100,POCZTOWA,1
57511,46785,Chełm,22-100,ARMII KRAJOWEJ,9/21
57511,46830,Chełmno,86-200,WODNA,17
57511,87227,Chełmno,86-200,Grudziądzka,24
57511,46839,Ciechanów,06-400,NARUTOWICZA,1
57511,46848,Ciechanów,06-400,WARSZAWSKA,25
57511,46857,Dębica,39-200,RYNEK,10
57511,46866,Działdowo,13-200,BIELNIKOWA,4
57511,46902,Gorzów Wielkopolski,66-400,SIKORSKIEGO,14
57511,46893,Gorzów Wielkopolski,66-400,OBROŃCÓW POKOJU,76B
57511,46884,Gorzów Wielkopolski,66-400,DWORCOWA,9/2
57511,46875,Gorzów Wielkopolski,66-400,30 STYCZNIA,15A/4
57511,100495,Gorzów Wielkopolski,66-400,30 STYCZNIA,27/1
57511,46920,Gostynin,09-500,RYNEK,20
57511,46929,Gostyń,63-800,POWSTAŃCÓW WIELKOPOLSKICH,2
57511,46938,Góra,56-200,GŁOGOWSKA,1A
57511,85163,Hrubieszów,22-500,Rynek,70
57511,46956,Iława,14-200,KOŚCIUSZKI,3/3A
57511,46965,Jarosław,37-500,GRUNWALDZKA,16
57511,46974,Jasło,38-200,KOŚCIUSZKI,4
57511,47001,Jaworzno,43-603,ŚW. MAKSYMILINA KOLBEGO,11
57511,46983,Jaworzno,43-600,GRUNWALDZKA,47/64
57511,46992,Jaworzno,43-600,PIŁSUDSKIEGO,27
57511,47010,Kąty Wrocławskie,55-080,RYNEK,16
57511,47019,Kętrzyn,11-400,SIKORSKIEGO,40
57511,47037,Kłodzko,57-300,JANA PAWŁA II,3/2
57511,87218,Kłodzko,57-300,Kościelna,2
57511,47064,Kraków,31-156,KURNIKI,6
57511,47073,Kraków,31-831,SZYBKA,25/2
57511,47055,Kraków,30-612,WINCENTEGO WITOSA,39
57511,47046,Kraków,30-504,KALWARYJSKA,37
57511,47082,Krasnystaw,22-300,ZAMKOWA,8A
57511,47091,Kraśnik,23-200,LUBELSKA,40
57511,47100,Kraśnik,23-204,DEKUTOWSKIEGO,3A
57511,85145,Kraśnik,23-200,Urzędowska,14B
57511,47109,Kutno,99-300,NORBERTA BARLICKIEGO,47
57511,47118,Lidzbark Warmiński,11-100,KASPROWICZA,8
57511,47127,Limanowa,34-600,JANA PAWŁA II,32
57511,47136,Lipno,87-600,3 MAJA,9
57511,47145,Lubań,59-800,PLAC 3 MAJA,6
57511,47154,Lubartów,21-100,SŁOWACKIEGO,5B
57511,47163,Lubawa,14-260,ZAMKOWA,16
57511,47235,Lublin,20-470,NAŁKOWSKICH,108
57511,47244,Lublin,20-618,NADBYSTRZYCKA,20/10
57511,47253,Lublin,20-625,LEONARDA,3A
57511,47226,Lublin,20-422,KUNICKIEGO,53
57511,47217,Lublin,20-410,1 MAJA,47
57511,47208,Lublin,20-338,KRAŃCOWA,103
57511,47199,Lublin,20-102,ZAMOJSKA,23
57511,47181,Lublin,20-020,LIPOWA,11/3
57511,47172,Lublin,20-006,KOŚCIUSZKI,3
57511,47190,Lublin,20-085,LUBARTOWSKA,26
57511,94147,Łęczna,21-010,Targowa,7
57511,47271,Mielec,39-300,MICKIEWICZA,20
57511,47280,Międzyrzecz,66-300,KAZIMIERZA WIELKIEGO,12
57511,47289,Mława,06-500,ŻEROMSKIEGO,5/1
57511,47298,Morąg,14-300,MICKIEWICZA,12F
57511,47316,Mysłowice,41-400,ŻWIRKI I WIGURY,1
57511,47307,Mysłowice,41-400,KATOWICKA,9
57511,47325,Myszków,42-300,KOŚCIUSZKI,43
57511,47334,Myślenice,32-400,3 MAJA,10
57511,47343,Nidzica,13-100,MICKIEWICZA,1A/2
57511,47352,Nowa Sól,67-100,KRÓLOWEJ JADWIGI,24
57511,47361,Nowa Sól,67-100,WOJSKA POLSKIEGO,2
57511,47370,Nowe Miasto Lubawskie,13-300,TYSIĄCLECIA,2A
57511,47379,Oborniki Śląskie,55-120,DWORCOWA,64
57511,47388,Oleśnica,56-400,LWOWSKA,5
57511,47397,Oleśnica,56-400,WILEŃSKA,2
57511,98411,Olsztyn,10-124,GRUNWALDZKA,24 lok. 13/14
57511,47442,Olsztyn,10-588,KOŚCIUSZKI,64/1
57511,47433,Olsztyn,10-541,DĄBROWSZCZAKÓW,18/11
57511,47415,Olsztyn,10-230,WOJSKA POLSKIEGO,71
57511,47460,Olsztyn,10-900,MRONGOWIUSZA,7
57511,47424,Olsztyn,10-341,LIMANOWSKIEGO,2
57511,47451,Olsztyn,10-692,JANOWICZA,3K
57511,47469,Ostróda,14-100,GRUNWALDZKA,1/2
57511,47496,Płock,09-400,BATALIONÓW CHŁOPSKICH,3A
57511,47505,Płock,09-400,BIELSKA,45
57511,47523,Płock,09-402,DWORCOWA,16
57511,47532,Płock,09-402,KOLEGIALNA,33
57511,99442,Płock,09-410,Armii Krajowej,4
57511,47541,Płock,09-410,JANA PAWŁA II,94/26
57511,47514,Płock,09-400,SIENKIEWICZA,36
57511,47550,Przemyśl,37-700,3 MAJA,12
57511,47559,Przemyśl,37-700,SŁOWACKIEGO,8
57511,47568,Przeworsk,37-200,MARII KONOPNICKIEJ,25
57511,47586,Ruda Śląska,41-709,NIEDURNEGO,43/01
57511,47595,Rypin,87-500,GDAŃSKA,1
57511,47622,Rzeszów,35-064,MATEJKI,12
57511,47613,Rzeszów,35-029,AL.POWSTAŃCÓW WARSZAWY,1
57511,47604,Rzeszów,35-005,GROTTGERA,18/3
57511,47631,Sanok,38-500,JAGIELLOŃSKA,14
57511,47649,Siedlce,08-110,WOJSKOWA,11
57511,47640,Siedlce,08-110,JANA KILIŃSKIEGO,22
57511,47658,Sierpc,09-200,PŁOCKA,12C
57511,47667,Skwierzyna,66-440,PIŁSUDSKIEGO,27/1
57511,47676,Stargard,73-110,GRODZKA,7/2
57511,47694,Stargard,73-110,PIŁSUDSKIEGO,93/12
57511,47685,Stargard,73-110,KOŚCIUSZKI,30/1
57511,47703,Stargard,73-110,WYSZYŃSKIEGO,22D
57511,47712,Strzelce Krajeńskie,66-500,AL. WOLNOŚCI,2A
57511,47721,Sulechów,66-100,ARMII KRAJOWEJ,22
57511,47730,Sulęcin,69-200,WITOSA,2 C
57511,47739,Suwałki,16-400,NONIEWICZA,93
57511,47748,Szczytno,12-100,POLSKA,3/19
57511,47757,Środa Wielkopolska,63-000,STARY RYNEK,9
57511,47766,Świdnik,21-046,RACŁAWICKA,1/5
57511,85154,Świdnik,21-040,3-go Maja,3
57511,47775,Świebodzin,66-200,GŁOGOWSKA,6
57511,47784,Świecie,86-100,WOJSKA POLSKIEGO,112
57511,47793,Świętochłowice,41-600,POLAKA,2A
57511,47811,Tomaszów Lubelski,22-600,LWOWSKA,21A
57511,47820,Wadowice,34-100,LWOWSKA,2
57511,47829,Włodawa,22-200,RYNEK,2
57511,47856,Wrocław,52-013,OPOLSKA,95
57511,83697,Wrocław,50-257,Drobnera,10/U1
57511,47838,Wrocław,50-027,PLAC KOŚCIUSZKI,20
57511,47847,Wrocław,50-566,ŚLICZNA,54
57511,47865,Wschowa,67-400,NIEPODLEGŁOŚCI,18
57511,47892,Zamość,22-400,PARTYZANTÓW,39
57511,47883,Zamość,22-400,MIKOŁAJA REJA,21
57511,47874,Zamość,22-400,MARSZAŁKA JÓZEFA PIŁSUDSKIEGO,25A
57511,47901,Zawiercie,42-400,PIŁSUDSKIEGO,91/83
57511,47955,Zielona Góra,65-536,WYSZYŃSKIEGO,38D
57511,47946,Zielona Góra,65-058,KUPIECKA,66A
57511,47937,Zielona Góra,65-019,DWORCOWA,28
57511,47964,Zielona Góra,65-537,WYSZYŃSKIEGO,5
57511,47928,Zielona Góra,65-018,JEDNOŚCI,22
57511,47973,Żarów,58-130,ARMII KRAJOWEJ,31
57511,47982,Żuromin,09-300,PLAC WOLNOŚCI,6
67630,64782,Świebodzin,66-200,Wiejska,3/3
72224,72027,Piotrków Trybunalski,97-300,Juliusza Słowackiego,28
38071,35928,Wieluń,98-300,Śląska,18
39951,77031,Kalisz,62-800,Zamkowa,11
34487,34211,KALISZ,62-800,GÓRNOŚLĄSKA,16
34487,34224,KALISZ,62-800,GRODZKA,16
34487,34237,OSTRÓW WIELKOPOLSKI,63-400,WROCŁAWSKA,42
34487,34250,SZKLARSKA PORĘBA,58-580,BATALIONÓW CHŁOPSKICH,18
40602,39337,TUREK,62-700,KALISKA,18
34908,33779,ŁÓDŹ,90-406,PIOTRKOWSKA,19
34908,33805,ŁÓDŹ,90-125,NARUTOWICZA,35
34908,33792,ŁÓDŹ,90-624,ZIELONA,28
34908,33831,ZGIERZ,95-100,DŁUGA,25
34908,33818,ZGIERZ,95-100,GAŁCZYŃSKIEGO,31
38725,38566,GORZÓW WIELKPOLSKI,66-400,HAWELAŃSKA,7A/2
64706,64342,Elbląg,82-300,Słoneczna,9/1
64706,70998,Elbląg,82-300,Aleja Grunwaldzka,69/2
64706,64355,Elbląg,82-300,Pułkownika Stanisława Dąbka,134
86781,70728,WROCŁAW,50-301,JEDNOŚCI NARODOWEJ,"" 95 LOK. 1B"
41995,41580,Kraków,30-504,kalwaryjska,18
37872,36963,Kalisz,62-800,Śródmiejska,41
67193,66360,Bielsko-Biała,43-300,Cechowa,5
67193,66399,Bytom,41-902,Dworcowa,6
67193,66386,Bytom,41-902,Jagiellońska,6
67193,66373,Chorzów,41-500,Wolności,70
67193,66347,Kraków,31-105,Zwierzyniecka,22
67193,66334,Kraków,31-146,Długa,56
60915,45678,Jaworzno,43-600,Grunwaldzka,68
60915,45665,Sosnowiec,41-200,Targowa,15
60915,45652,Sosnowiec,41-200,Modrzejowska,31
86170,69492,Częstochowa,42-202,Plac Daszyńskiego,14/2
86170,97231,Częstochowa,42-200,Aleja Najświętszej Marii Panny,14
86170,69544,Łódź,91-301,Snycerska,1
86170,69557,Łódź,91-059,Zgierska,24
86170,69531,Tarnowskie Góry,42-600,Piastowska,10
71036,65666,Pabianice,95-200,ul. Stanisława Moniuszki,67
44447,43115,Konin,62-510,Dworcowa,6
37816,37651,Koszalin,75-008,Zwycięstwa,90-92
37816,37638,Koszalin,75-061,Rynek Staromiejski,12
45410,93719,Kraków,30-512,Jana Długosza,2/U002
86563,86304,LUBLINIEC,42-700,PLAC KOŚCIUSZKI,9
40116,38416,Grodzisk Mazowiecki,05-825,Sienkiewicza,34
60859,54152,Aleksandrów Kujawski,87-700,CHOPINA,5
60859,91981,Augustów,16-300,Mostowa,6
60859,54170,Biała Podlaska,21-500,ST. MONIUSZKI,17
60859,54188,Bielsk Podlaski,17-100,MICKIEWICZA,60/19
60859,54241,Bielsko Biała,43-300,PIASTOWSKA,1
60859,54223,Bielsko Biała,43-300,JUTRZENKI,24C
60859,54205,Bielsko Biała,43-300,CIESZYŃSKA,128
60859,54259,Bochnia,32-700,RYNEK,18
60859,54277,Boguszów-Gorce,58-370,PL. ODRODZENIA,16
60859,85223,Brzesko,32-800,Głowackiego,31
60859,54313,Busko-Zdrój,28-100,PLAC ZWYCIĘSTWA,28
60859,54385,Bydgoszcz,85-806,AL. PREZYDENTA KACZYŃSKIEGO P,pawilon nr 2
60859,54331,Bydgoszcz,85-006,GDAŃSKA,26
60859,54349,Bydgoszcz,85-021,GDAŃSKA,98
60859,54367,Bydgoszcz,85-154,BRZOZOWA,86
60859,54403,Bystrzyca Kłodzka,57-500,OKRZEI,8
60859,54421,Bytom,41-902,DWORCOWA,26
60859,54439,Chełmża,87-140,SIKORSKIEGO,6
60859,54493,Chorzów,41-506,STEFANA BATOREGO,15
60859,99951,Chorzów,41-500,Wolności,68
60859,54475,Chorzów,41-500,WOLNOŚCI,4
60859,54511,Dęblin,08-530,WARSZAWSKA,12
60859,54532,Dębno,74-400,SŁOWACKIEGO,23
60859,54568,Drezdenko,66-530,PIŁSUDSKIEGO,47
60859,54604,Garwolin,08-400,KOŚCIUSZKI,16
60859,54640,Gdańsk,80-376,CZERWONY DWÓR,24
60859,54676,Gdynia,81-552,WIELKOPOLSKA,36
60859,54134,Gliwice,44-103,ODROWĄŻÓW,71
60859,54802,Golub-Dobrzyń,87-400,KILIŃSKIEGO,1
60859,54845,Grodzisk Wielkopolski,62-065,STARY RYNEK,10
60859,54880,Grójec,05-600,PLAC WOLNOŚCI,5
60859,54904,Hajnówka,17-200,3 MAJA,22
60859,54937,Jarocin,63-200,ŚRÓDMIEJSKA,22A
60859,54958,Jawiszowice,32-626,TURYSTYCZNA,21
60859,55012,Jelenia Góra,58-560,WOLNOŚCI,242
60859,98422,Jelenia Góra,58-500,SOBIESKIEGO,14
60859,54991,Jelenia Góra,58-500,WOJSKA POLSKIEGO,27/1
60859,55030,Jędrzejów,28-300,PARTYZANTÓW,2
60859,85188,Kalisz,62-800,Śródmiejska,37
60859,55084,Kalisz,62-800,ZAMKOWA,13
60859,55062,Kalisz,62-800,GÓRNOSLĄSKA,37A
60859,55102,Kamienna Góra,58-400,PLAC WOLNOŚCI,14
60859,55138,Katowice,40-872,ZAWISZY CZARNEGO,16
60859,94580,Katowice,40-484,Batalionów Chłopskich,19
60859,55120,Katowice,40-093,CHOPINA,2
60859,55156,Koło,62-600,TORUŃSKA,26
60859,55210,Konin,62-510,DWORCOWA,10D
60859,55192,Konin,62-510,11 LISTOPADA,27
60859,55174,Konin,62-500,3 MAJA,11
60859,101476,Konin,62-500,Plac Wolności,10
60859,55228,Kościan,64-000,KOŚCIUSZKI,8
60859,55444,Kraków,31-945,OSIEDLE TEATRALNE,3/U15
60859,55242,Kraków,30-006,WROCŁAWSKA,7/1
60859,55300,Kraków,30-348,STEFANA GROTA ROWECKIEGO,7H
60859,55369,Kraków,31-212,PLAC IMBRAMOWSKI,121
60859,55426,Kraków,31-932,OSIEDLE CENTRUM,D1
60859,55404,Kraków,31-861,OSIEDLE NIEPODLEGŁOŚCI,1
60859,55390,Kraków,31-630,OSIEDLE KOMBATANTÓW,7C
60859,55354,Kraków,31-032,STAROWIŚLNA,16
60859,55336,Kraków,30-835,TELIGI,30B
60859,55318,Kraków,30-668,WLOTOWA,5B
60859,55282,Kraków,30-091,BRONOWICKA,80
60859,55264,Kraków,30-048,KARMELICKA,45A
60859,101336,Kraków,30-382,Kobierzyńska,93/4U
60859,55457,Krosno,38-400,PIŁSUDSKIEGO,10
60859,55475,Krotoszyn,63-700,KOŹMIŃSKA,5
60859,55498,Leżajsk,37-300,MICKIEWICZA,8
60859,55512,Lędziny,43-143,FREDRY,-
60859,55534,Libiąż,32-590,1-GO MAJA,11A
60859,55552,Łańcut,37-100,PIŁSUDSKIEGO,14
60859,55568,Łask,98-100,11 LISTOPADA,4
60859,55588,Łaziska Górne,43-170,WĄSKA,2
60859,55606,Łęczyca,99-100,KALISKA,15
60859,55624,Łomianki,05-092,WARSZAWSKA,162
60859,55639,Łomża,18-400,ALEJA LEGIONÓW,50/30
60859,86631,Łuków,21-400,Kardynała Stefana Wyszyńskiego,11
60859,55677,Międzychód,64-400,PIŁSUDSKIEGO,26
60859,55696,Międzyrzec Podlaski,21-560,LUBELSKA,16/1
60859,55714,Milicz,56-300,WROCŁAWSKA,6
60859,55730,Mińsk Mazowiecki,05-300,STARY RYNEK,3
60859,55750,Mińsk Mazowiecki,05-300,WARSZAWSKA,115B
60859,85202,Myslibórz,74-300,Bohaterów Warszawy,61
60859,54556,Namysłów,46-100,PL. WOLNOŚCI,3-5
60859,54592,Nisko,37-400,WOLNOŚCI,2
60859,54628,Nowa Ruda,57-400,KOLEJOWA,2
60859,54664,Nowy Sącz,33-300,DŁUGOSZA,45
60859,54700,Nowy Sącz,33-300,LWOWSKA,55
60859,54832,Nowy Tomyśl,64-300,PIŁSUDSKIEGO,6
60859,54895,Nysa,48-304,PRUDNICKA,7
60859,54868,Nysa,48-303,GRZYBOWA,1
60859,54913,Olesno,46-300,RYNEK,15
60859,54949,Oława,55-200,RYNEK,2/2U
60859,54931,Oława,55-200,KRÓTKA,2U
60859,54985,Ostrołęka,07-410,PIŁSUDSKIEGO,13A
60859,54959,Ostrołęka,07-410,GEN. A. E. FIELDORFA NILA,2C
60859,55003,Ostrów Mazowiecka,07-300,MIECZKOWSKIEGO,17
60859,55021,Ostrów Wielkopolski,63-400,KOLEJOWA,7
60859,93085,Ostrów Wielkopolski,63-400,Rynek,27
60859,55057,Ostrzeszów,63-500,ZAMKOWA,4
60859,95583,Oświęcim,32-600,Tysiąclecia,17B
60859,55075,Oświęcim,32-600,PIASTOWSKA,5
60859,55093,Otwock,05-400,WAWERSKA,3
60859,55111,Ozimek,46-040,WYZWOLENIA,28
60859,55128,Ozorków,95-035,STARZYŃSKIEGO,9 D
60859,55147,Parczew,21-200,PLAC WOLNOŚCI,29
60859,55165,Piastów,05-820,HALLERA,10
60859,101485,Pleszew,63-300,Kaliska,9
60859,55201,Poddębice,99-200,ŁÓDZKA,2/4
60859,55219,Puławy,24-100,CENTRALNA,10
60859,55237,Pułtusk,06-100,ALEJA WOJSKA POLSKIEGO,7C
60859,55255,Pyskowice,44-120,ARMII KRAJOWEJ,12
60859,55273,Radzyń Podlaski,21-300,OSTROWIECKA,6
60859,55291,Rawa Mazowiecka,96-200,KRAKOWSKA,6
60859,55327,Sieradz,98-200,KOŚCIUSZKI,6A
60859,55345,Skarżysko Kamienna,26-110,TYSIĄCLECIA,35/39
60859,55363,Skawina,32-050,RYNEK,4/2
60859,55397,Skierniewice,96-100,ŁUCZYŃSKIEGO,10
60859,55381,Skierniewice,96-100,BATOREGO,12
60859,55410,Słupca,62-400,POZNAŃSKA,1
60859,55435,Sokołów Podlaski,08-300,KILIŃSKIEGO,16
60859,55467,Starachowice,27-200,SPÓŁDZIELCZA,13
60859,98843,Starachowice,27-200,Sportowa,2
60859,55484,Staszów,28-200,RYNEK,4
60859,55502,Strzegom,58-150,JAROSŁAWA DĄBROWSKIEGO,30
60859,92897,Suwałki,16-400,Noniewicza,93
60859,55525,Syców,56-500,PL.WOLNOŚCI,9-10/20
60859,55536,Szydłowiec,26-500,KOŚCIUSZKI,184
60859,55579,Śrem,63-100,WIELKA RZEŹNICKA,1
60859,55553,Śrem,63-100,CHŁAPOWSKIEGO,19B
60859,55597,Środa Śląska,55-300,PL. WOLNOŚCI,80/1
60859,101467,Trzebinia,32-540,Rynek,21
60859,55651,Trzebnica,55-100,HENRYKA POBOŻNEGO,26E
60859,55669,Turek,62-700,KALISKA,13
60859,55687,Ustroń,43-450,IGNACEGO DASZYŃSKIEGO,2
60859,89675,Warszawa,02-383,Grójecka,128B
60859,55804,Warszawa,02-739,WAŁBRZYSKA,48A PAW. 20
60859,55795,Warszawa,02-595,PUŁAWSKA,103
60859,55831,Warszawa,04-454,AL. CHRUŚCIELA,17
60859,55705,Warszawa,00-725,CHEŁMSKA,50/78
60859,55786,Warszawa,02-512,PUŁAWSKA,26
60859,55768,Warszawa,02-094,GRÓJECKA,79
60859,55741,Warszawa,01-840,REYMONTA,15
60859,55723,Warszawa,01-802,MARYMONCKA,65
60859,55813,Warszawa,03-203,BAZYLIAŃSKA,4J
60859,55759,Warszawa,02-030,GRÓJECKA,31
60859,55840,Wąbrzeźno,87-200,1 MAJA,48
60859,55849,Węgrów,07-100,PRZEMYSŁOWA,1
60859,55867,Wieliczka,32-020,SZPUNARA,2
60859,55858,Wieliczka,32-020,SŁOWACKIEGO,11
60859,55885,Włocławek,87-800,PLAC WOLNOŚCI,12
60859,55894,Włocławek,87-800,ZIELONY RYNEK,18
60859,55876,Włocławek,87-800,KALISKA,78
60859,87999,Wolsztyn,64-200,5-go Stycznia,56
60859,55912,Wyszków,07-200,DASZYŃSKIEGO,20
60859,85212,Zabrze,41-807,Tarnopolska,76
60859,95009,Zakopane,34-500,Krupówki,75
60859,55939,Zduńska Wola,98-200,ŁASKA,18
60859,55948,Zelów,97-425,PLAC DĄBROWSKIEGO,2
60859,55957,Zgierz,95-100,DŁUGA,15
60859,55966,Żagań,68-100,RYNEK,4
83195,82606,Włocławek,87-800,Warszawska,7/9
83195,100055,Włocławek,87-800,Zielony Rynek,17
83195,100046,Włocławek,87-800,Kaliska,83c/10b
71092,62672,Busko Zdrój,28-100,Wojska Polskiego,3
71092,62685,CHMIELNIK,26-020,RYNEK,11
71092,62698,PIŃCZÓW,28-400,LEGIONISTÓW,22
72251,66767,Czestochowa,42-200,Al. N.M.P.,18
72251,66780,Częstochowa,42-207,Al. Wojska Polskiego,120
61054,80982,Bełchatów,97-400,Wojska Polskiego,5E
61054,81000,Bełchatów,97-400,Pabianicka,7
61054,80883,Brodnica,87-300,Mostowa,18
61054,80919,Chojnów,59-225,Legnicka,11
61054,81036,Chrzanów,32-500,Mickiewicza,8
61054,85122,Człuchów,77-300,Królewska,28
61054,81045,Ełk,19-300,Słowackiego,1/1
61054,80901,Ełk,19-300,Armii Krajowej,11/8
61054,80856,Grajewo,19-200,Wojska Polskiego,3
61054,77127,Inowrocław,88-100,Dworcowa,15
61054,80874,Inowrocław,88-100,Wojska Polskiego,15E
61054,80964,Inowrocław,88-100,Świętokrzyska,8
61054,80946,Katowice,40-174,Katowicka,7
61054,77108,Katowice,40-336,Obrońców Westerplatte,1/3A
61054,99089,Katowice,40-061,Andrzeja,10
61054,80451,Katowice,40-715,Słupska,14
61054,80487,Katowice,48-855,Gliwicka,125
61054,80820,Katowice,40-008,Warszawska,38
61054,80730,Kluczbork,46-200,Krakowska,14
61054,80478,Kłobuck,42-100,3-go Maja,8
61054,80640,Knurów,44-190,1-go Maja,10
61054,80604,Konstantynów Łódzki,95-050,Jana Pawła II,1
61054,80415,Końskie,26-200,Piłsudskiego,8
61054,80442,Legnica,59-220,Senatorska,38
61054,80091,Legnica,59-220,Bolesława Prusa,1
61054,82177,Legnica,59-220,Chojnowska,25/1C
61054,80793,Legnica,59-220,Wierzyńskiego,20
61054,91154,Legnica,59-220,Wrocławska,80
61054,82168,Legnica,59-220,Wrocławska,7
61054,80523,Legnica,59-220,Jaworzyńska,46
61054,80685,Lębork,84-300,Zwycięstwa,40/1
61054,80622,Lębork,84-300,Reja,28/1
61054,80703,Lubin,59-300,Drzymały,55
61054,80541,Lubin,59-300,Parkowa,8D
61054,77174,Lubin,59-300,SIKORSKIEGO,9
61054,80100,Nakło Nad Notecią,89-100,Gen. Henryka Dąbrowskiego,30
61054,101456,Nowy Targ,34-400,Kolejowa,1/2
61054,80757,Opoczno,26-300,Piotrkowska,53
61054,77144,Opole,45-065,Reymonta,13
61054,77183,Opole,45-710,Niemodlińska,23/17
61054,80658,Opole,45-707,Wrocławska,6
61054,88433,Opole,45-273,Sosnkowskiego,4A/19A
61054,80775,Piaseczno,05-512,Puławska,30A
61054,77061,Polkowice,59-100,Kardynała Bolesława Kominka,1B
61054,80001,Radom,26-610,Romualda Traugutta,15
61054,80028,Radom,26-610,Struga,29
61054,80559,Radom,26-610,Żeromskiego,9
61054,80577,Radom,26-600,Żeromskiego,76A/82A
61054,99276,Radom,26-600,Okulnickiego,50A
61054,77099,Radom,26-605,Chrobrego,44
61054,77089,Radomsko,97-500,Warszyca,7
61054,80064,Radomsko,97-500,Plac 3-go Maja,10
61054,99285,Ruda Śląska,41-700,Wolności,23
61054,80163,Sczecin,70-233,Plac Zwycięstwa,1/U8
61054,80361,Sczecin,71-300,Traugutta,88U/1
61054,80235,Sczecin,70-253,Krzywoustego,60
61054,77163,Sławno,76-100,Grottgera,4
61054,80280,Słupsk,76-200,Tuwima,4
61054,77153,Słupsk,76-200,Szczecińska,29B
61054,80055,Słupsk,76-200,Wojska Polskiego,8
61054,77232,Toruń,87-100,Władysława Dziewulskiego,39B
61054,80199,Toruń,87-100,Sienkiewicza,14/691
61054,80253,Toruń,87-100,Św. Katarzyny,4
61054,80262,Toruń,87-100,Tadeusza Kościuszki,3/3
61054,80298,Toruń,87-100,Reja,36
61054,80388,Toruń,87-100,Legionów,28
61054,98853,Toruń,87-100,Ignacego Łysowskiego,24A
61054,80217,Wałacz,78-600,Plac Zesłańców Sybiru,1
61054,80190,Wałbrzych,58-304,Andersa,148
61054,77042,Wałbrzych,58-302,Armii Krajowej,26
61054,80307,Wałbrzych,58-300,Al. Wyzwolenia,42
61054,80226,Wałbrzych,58-309,Główna,9
61054,85131,Wałbrzych,58-300,Słowackiego,4
61054,80325,Warka,05-660,Lotników,1
61054,77220,Warszawa,03-655,Młodzieńcza,1
61054,77194,Warszawa,01-858,Rudnickiego,10
61054,77070,Warszawa,02-495,Wojciechowskiego,39/8
61054,77051,Warszawa,03-563,Trocka,11
61054,91963,Warszawa,04-190,Jubilerska,1/3 pawilon 10
61054,80397,Warszawa,02-791,Meander,2A
61054,80379,Warszawa,01-001,Al. Jana Pawła II,41A PAW. 7
61054,80370,Warszawa,03-733,Targowa,32
61054,80289,Warszawa,03-731,Targowa,20
61054,80244,Warszawa,03-728,Targowa,41
61054,80352,Warszawa,01-389,Świetlików,8/209
61054,80316,Warszawa,00-801,Chmielna,98/9
61054,80208,Warszawa,03-734,targowa,72
61054,80172,Warszawa,00-871,Żelazna,67/21
61054,80181,Warszawa,03-735,Ząbkowska,52
61054,77079,Wągrowiec,62-100,Wojska Polskiego,13
61054,79929,Wieluń,98-300,Śląska,28
61054,79902,Wrocław,54-050,Wojanowska,13
61054,77117,Zabrze,41-800,Woności,336
61054,91308,Zabrze,41-800,3 Maja,36 lok.B
61054,92166,Zabrze,41-800,Gen. Charlesa De Gaulle&#39;a,69
61054,79920,Zabrze,41-800,Wolności,239
61054,79947,Zabrze,41-800,Plac Krakowski,3
61054,79938,Zabrze,41-800,Jagiellońska,2
61054,77203,Ząbki,05-091,Batorego,1A
37416,36062,Wieluń,98-300,ul. Sieradzka,2
38042,36785,Biała Podlaska,21-500,Pocztowa,2B/1
72685,71959,Nowy,64-300,Długa,22
60757,51361,Andrychów,34-120,KRAKOWSKA,94
60757,51370,Czeladź,41-250,BYTOMSKA,12
60757,51379,Czeladź,41-253,NOWOPOGOŃSKA,228
60757,51388,Jaworzyna Śląska,58-140,MICKIEWICZA,2A/13
60757,51397,Radzionków,41-922,MĘCZENNIKÓW OŚWIĘCIMIA,8
60757,51415,Siemianowice Śląskie,41-100,ŚLĄSKA,20
60757,51406,Siemianowice Śląskie,41-100,POWSTAŃCÓW,21
60757,51442,Tarnowskie Góry,42-600,PIŁSUDSKIEGO,7/2
60757,51433,Tarnowskie Góry,42-600,PIASTOWSKA,9
60757,51424,Tarnowskie Góry,42-600,OPOLSKA,10
60757,51451,Wołów,56-100,RADNA,1
60757,51649,Wrocław,53-238,OSTROWSKIEGO,1
60757,51658,Wrocław,53-319,HALLERA,3
60757,51676,Wrocław,53-502,GRABISZYŃSKA,30
60757,51721,Wrocław,54-206,LEGNICKA,66
60757,51712,Wrocław,54-142,DOKERSKA,3
60757,51730,Wrocław,54-432,STRZEGOMSKA,200
60757,51739,Wrocław,54-436,BUDZISZYŃSKA,107D
60757,51460,Wrocław,50-004,KOŁŁĄTAJA,33
60757,51478,Wrocław,50-075,KRUPNICZA,3.1-B
60757,51496,Wrocław,50-231,TRZEBNICKA,56/1C
60757,51514,Wrocław,50-301,JEDNOŚCI NARODOWEJ,109/1B
60757,51541,Wrocław,50-417,TRAUGUTTA,85
60757,51559,Wrocław,50-438,KOŚCIUSZKI,159
60757,51577,Wrocław,50-502,HUBSKA,82/1B
60757,51604,Wrocław,51-113,OBORNICKA,10
60757,51622,Wrocław,51-312,KRZYWOUSTEGO,324
60757,51640,Wrocław,52-118,CHIŃSKA,3B
60757,51667,Wrocław,53-325,HALLERA,53
60757,51685,Wrocław,53-621,GAJOWICKA,96
60757,51703,Wrocław,54-130,BULWAR IKARA,21
60757,51631,Wrocław,51-644,OLSZEWSKIEGO,73
60757,51613,Wrocław,51-163,AL.KROMERA,6
60757,51595,Wrocław,50-559,ŚWIERADOWSKA,26
60757,51586,Wrocław,50-520,GAJOWA,70
60757,51568,Wrocław,50-449,KRASIŃSKIEGO,21-23
60757,51550,Wrocław,50-433,PRĄDZYŃSKIEGO,34
60757,51532,Wrocław,50-361,PIASTOWSKA,19
60757,51523,Wrocław,50-310,DASZYŃSKIEGO,22
60757,51505,Wrocław,50-260,JEDNOŚCI NARODOWEJ,45
60757,51487,Wrocław,50-080,PSIE BUDY,5/6
60757,51469,Wrocław,50-020,PIŁSUDSKIEGO,86
60757,51694,Wrocław,53-621,GŁOGOWSKA,6
61017,48121,Białogard,78-200,1 MAJA,19/1
61017,48157,Białystok,15-668,UPALNA,1A
61017,48166,Białystok,15-794,LIPOWA,45
61017,48139,Białystok,15-427,LIPOWA,10
61017,48148,Białystok,15-617,NOWOSIELSKA,40 I
61017,86207,Białystok,15-101,Jurowicka,11
61017,85069,Białystok,15-304,Waszyngtona,25
61017,85041,Białystok,15-349,Dubois,4A/5
61017,87984,Białystok,15-101,Jurowiecka,11
61017,48130,Białystok,15-062,WARSZAWSKA,21/2
61017,48175,Bielawa,58-260,WOLNOŚCI,132
61017,92507,Braniewo,14-500,Kościuszki,10A/1
61017,48202,Brzeg,49-300,PIASTOWSKA,17-19
61017,48193,Brzeg,49-300,KOŚCIELNA,4B
61017,48211,Bydgoszcz,85-005,GDAŃSKA,81
61017,48229,Bydgoszcz,85-011,ŚNIADECKICH,47/8A
61017,48238,Bydgoszcz,85-791,RATAJA,11
61017,48220,Bydgoszcz,85-010,DWORCOWA,52
61017,48247,Bytów,84-342,WOJSKA POLSKIEGO,44
61017,86592,Chodzież,64-800,Rynek,4
61017,85087,Chojnice,89-600,31-go Stycznia,34
61017,48274,Chojnice,89-600,PIŁSUDSKIEGO,8
61017,48292,Częstochowa,42-202,PLAC DASZYŃSKIEGO,5
61017,92155,Częstochowa,42-202,Aleja Wolności,15B
61017,48301,Darłowo,76-150,POWSTAŃCÓW WARSZAWSKICH,54
61017,85059,Dzierżoniów,58-200,Rynek,52
61017,48319,Elbląg,82-300,GWIEZDNA,21
61017,87975,Elbląg,82-300,Grunwaldzka,25 lok 1
61017,48328,Elbląg,82-300,PUŁKOWNIKA STANISŁAWA DĄBKA,136/5
61017,48337,Gdańsk,80-750,STĄGIEWNA,9/1
61017,94590,Gdańsk,80-809,Władysława Cieszyńskiego,36-38 pawilon 50
61017,48355,Gdynia,81-388,ŚWIĘTOJAŃSKA,82
61017,87966,Gdynia,81-361,Starowiejska,29/35 lok 6
61017,97113,Giżycko,11-500,Kętrzyńskiego,6
61017,92002,Gliwice,44-100,Siemińskiego,37
61017,85050,Gliwice,44-100,Poniatowskiego,5
61017,48112,Gliwice,44-102,TOSZECKA,33/1
61017,48076,Gliwice,44-100,ZWYCIĘSTWA,59
61017,48067,Gliwice,44-100,RYBNICKA,3
61017,48094,Gliwice,44-102,TARNOGÓRSKA,26
61017,48085,Gliwice,44-100,ZWYCIĘSTWA,9
61017,48058,Gliwice,44-100,RACIBORSKA,3
61017,48103,Gliwice,44-102,TARNOGÓRSKA,82
61017,48373,Głogów,67-200,PLAC 1000 LECIA,5B
61017,48382,Głogów,67-200,SATURNA,5B PAWILON NR 41
61017,48391,Głuchołazy,48-340,RYNEK,9
61017,48418,Gniezno,62-200,WYSZYŃSKIEGO,24/3
61017,48400,Gniezno,62-200,OS. JAGIELLOŃSKIE,65
61017,48409,Gniezno,62-200,PL. JÓZEFA PIŁSUDSKIEGO,9/2
61017,48427,Goleniów,72-100,KONSTYTUCJI 3 MAJA,25/4
61017,48436,Gołdap,19-500,ARMII KRAJOWEJ,1A
61017,48445,Grodzisk Mazowiecki,05-825,PL. KRÓLA ZYGMUNTA STAREGO,17
61017,48472,Grudziądz,86-302,LEGIONÓW,3
61017,48454,Grudziądz,86-300,CHEŁMIŃSKA,56
61017,48481,Grudziądz,86-303,SIENKIEWICZA,6
61017,48490,Gryfice,72-300,NIEPODLEGŁOŚCI,39/3
61017,48499,Gryfino,74-100,KOŚCIELNA,27A
61017,48508,Gubin,66-620,OBROŃCÓW POKOJU,3
61017,48517,Jastrowie,64-915,GDAŃSKA,80
61017,48526,Jawor,59-400,STAROMIEJSKA,6
61017,48535,Kartuzy,83-300,KOŚCIUSZKI,17
61017,48553,Kołobrzeg,78-100,I ARMII WOJSKA POLSKIEGO,10E
61017,48544,Kołobrzeg,78-100,AL. ŚW. JANA PAWŁA II,25/2
61017,48562,Kostrzyn Nad Odrą,66-470,GORZOWSKA,1
61017,48580,Koszalin,75-033,ZWYCIĘSTWA,8
61017,48571,Koszalin,75-007,RYNEK STAROMIEJSKI,1
61017,48589,Koszalin,75-346,WŁADYSŁAWA IV,40
61017,48598,Kościerzyna,83-400,DŁUGA,5
61017,101368,Koziegłowy,62-028,Os. Leśne,21C/2
61017,48616,Kwidzyn,82-500,WARSZAWSKA,28
61017,90276,Kwidzyn,82-500,Piłsudskiego,15A
61017,48625,Legionowo,05-120,PIŁSUDSKIEGO,4C
61017,48634,Leszno,64-100,DWORCOWA,2
61017,85106,Leszno,64-100,Narutowicza,35
61017,48652,Lubliniec,42-700,MICKIEWICZA,7
61017,48661,Luboń,62-030,ŻABIKOWSKA,47
61017,48679,Maków Mazowiecki,06-200,1 MAJA,7A
61017,48688,Malbork,82-200,KOŚCIUSZKI,23B
61017,48697,Malbork,82-200,SIENKIEWICZA,58A
61017,48706,Marki,05-270,PIŁSUDSKIEGO,57
61017,97243,Międzyrzec Podlaski,21-560,Żelazna,10
61017,48715,Mogilno,88-300,PLAC WOLNOŚCI,7
61017,48724,Mońki,19-100,AL. NIEPODLEGŁOŚCI,6/3U
61017,48742,Nowy Dwór Mazowiecki,05-100,MODLIŃSKA,1A
61017,48751,Oborniki,64-600,PIŁSUDSKIEGO,4
61017,48760,Olecko,19-400,PL. WOLNOŚCI,27
61017,48769,Pelplin,83-130,MICKIEWICZA,12
61017,48796,Piła,64-920,OKRZEI,19/1
61017,48778,Piła,64-920,BYDGOSKA,1A
61017,48787,Piła,64-920,KOLBE,1A
61017,48805,Pisz,12-200,DWORCOWA,1A
61017,48814,Police,72-010,BANKOWA,16E
61017,48895,Poznań,60-681,KURPIŃSKIEGO,117
61017,48904,Poznań,60-682,WIECHOWICZA,17
61017,48913,Poznań,60-736,GŁOGOWSKA,35A
61017,48940,Poznań,61-019,GŁÓWNA,62
61017,48958,Poznań,61-290,OSIEDLE CZECHA,96
61017,48967,Poznań,61-361,STAROŁĘCKA 63B PAWILON,63B PAWILON 2
61017,48976,Poznań,61-469,28 CZERWCA 1956R,313/2
61017,48994,Poznań,61-526,28 CZERWCA 1956 R.,126
61017,49003,Poznań,61-568,WIERZBIĘCICE,10
61017,49039,Poznań,61-728,3 MAJA,48A/2
61017,49057,Poznań,61-885,PÓŁWIEJSKA,13
61017,48859,Poznań,60-397,BUKOWSKA,118
61017,48841,Poznań,60-264,GŁOGOWSKA,91A
61017,49030,Poznań,61-699,OSIEDLE WICHROWE WZGÓRZE,121/14
61017,101386,Poznań,60-649,Piątkowska,92
61017,100570,Poznań,61-869,GARBARY,27
61017,94599,Poznań,60-529,Dąbrowskiego,80
61017,96566,Poznań,60-649,Aleje K.Marcinkowskiego,15
61017,49021,Poznań,61-657,PASIEKA,36A
61017,101395,Poznań,60-251,Hetmańska,27/1
61017,48823,Poznań,60-139,PIOTRA ŚCIEGIENNEGO,64/32
61017,48850,Poznań,60-337,GROCHOWSKA,83/85
61017,48886,Poznań,60-588,DĄBROWSKIEGO,149
61017,48922,Poznań,60-740,GŁOGOWSKA,66
61017,48949,Poznań,61-156,OS. PIASTOWSKIE,74A
61017,48985,Poznań,61-485,28 CZERWCA 1956R,177/2
61017,49012,Poznań,61-576,GÓRNA WILDA,100
61017,85078,Poznań,60-205,Głogowska,160
61017,91233,Poznań,60-533,Polna,28
61017,93391,Poznań,60-842,J.H. Dąbrowskiego,49/3
61017,93400,Poznań,61-633,Os. Pod Lipami,104/33
61017,93409,Poznań,61-251,Os. Orła Białego,11/U01
61017,49066,Prudnik,48-200,DAMROTA,13
61017,49075,Pruszcz Gdański,83-000,GRUNWALDZKA,14
61017,49084,Pruszków,05-800,UL. PRUSA,60 A
61017,49093,Przasnysz,06-300,PRZECHODNIA,1
61017,85096,Przeźmierowo,62-081,Południowa,38
61017,90696,Rawicz,63-900,Rynek,6
61017,88670,Reda,84-240,ALEJA JANA PAWŁA II,9B
61017,49111,Rogoźno,64-610,KOSCIUSZKI,29
61017,49120,Rumia,84-230,DĄBROWSKIEGO,12B/1
61017,49129,Siemiatycze,17-300,GRODZIEŃSKA,29
61017,49138,Słubice,69-100,WOJSKA POLSKIEGO,167
61017,49147,Sokółka,16-100,GRODZIEŃSKA,16
61017,87410,Sopot,81-704,Tadeusza Kościuszki,11A
61017,49165,Starogard Gdański,83-200,SIKORSKIEGO,1
61017,49156,Starogard Gdański,83-200,KOŚCIUSZKI,45
61017,49174,Strzelce Opolskie,47-100,KRAKOWSKA,13
61017,49192,Swarzędz,62-020,OS. TYTUSA DZIAŁYŃSKIEGO,1H
61017,49183,Swarzędz,62-020,OS. DĄBROWSZCZAKÓW,26/28
61017,49201,Szamotuły,64-500,RATUSZOWA,5
61017,88251,Szczecin,70-365,Jagiellońska,72/1
61017,49246,Szczecin,71-246,ZAWADZKIEGO,121
61017,49210,Szczecin,70-117,MILCZAŃSKA,7F
61017,49273,Szczecin,71-636,EMILII PLATER,82B-U
61017,49255,Szczecin,71-500,WYZWOLENIA,30
61017,90285,Szczecin,71-670,Przyjaciół Żołnierza,4
61017,49228,Szczecin,70-413,WYZWOLENIA,4B
61017,49237,Szczecin,70-800,EMILII GIERCZAK,35
61017,49291,Świnoujście,72-600,BOHATERÓW WRZEŚNIA,79
61017,49345,Tczew,83-110,WYSZYŃSKIEGO,24
61017,49327,Tczew,83-110,GDAŃSKA,8A
61017,49309,Tczew,83-110,ARMII KRAJOWEJ,38
61017,49363,Trzcianka,64-980,KOŚCIUSZKI,3/4
61017,49381,Tuchola,89-500,PLAC WOLNOŚCI,3
61017,49453,Tychy,43-100,MONIUSZKI,1E
61017,49435,Tychy,43-100,DĄBROWSKIEGO,33
61017,49417,Tychy,43-100,AL. PIŁSUDSKIEGO,1
61017,49399,Tychy,43-100,AL. NIEPODLEGŁOŚCI,2
61017,49471,Warszawa,00-508,ALEJE JEROZOLIMSKIE,33
61017,49507,Warszawa,00-683,MARSZAŁKOWSKA,85
61017,98140,Warszawa,01-466,Powstańców Śląskich,104/223
61017,96575,Warszawa,03-287,Skarbka z Gór,116 G1
61017,88495,Warszawa,00-382,Solec,117
61017,86216,Warszawa,02-554,Al. Niepodległości,156 lok. 15
61017,49615,Warszawa,02-777,KOMISJI EDUKACJI NARODOWEJ,63
61017,49561,Warszawa,01-229,WOLSKA,89
61017,49489,Warszawa,00-545,MARSZAŁKOWSKA,60
61017,49525,Warszawa,01-063,OKOPOWA,7A
61017,49543,Warszawa,01-139,GÓRCZEWSKA,21
61017,49579,Warszawa,01-401,GÓRCZEWSKA,97
61017,49633,Warszawa,02-777,KOMISJI EDUKACJI NARODOWEJ,96/U14
61017,49651,Warszawa,04-111,GROCHOWSKA,173/175
61017,49669,Warszawa,04-142,PL. PIOTRA SZEMBEKA,2
61017,49705,Wejherowo,84-200,PUCKA,4
61017,49687,Wejherowo,84-200,POMORSKA,3D
61017,49723,Węgorzewo,11-600,ZAMKOWA,19 LOK.3A
61017,49741,Władysławowo,84-120,HALLERA,2B /11
61017,49759,Wrocław,54-001,ŚREDZKA,28
61017,100434,Wrocław,50-217,Pomorska,51/53
61017,49777,Wronki,64-510,POZNAŃSKA,15
61017,49795,Września,62-300,RYNEK,25
61017,101377,Zabrze,41-807,Tarnopolska,71
61017,96557,Zabrze,41-803,Bytomska,75
61017,87948,Zambrów,18-300,Aleja Wojska Polskiego,11/121
61017,86198,Zambrów,18-300,Al. Wojska Polskiego,11/121
61017,49813,Złotów,77-400,WOJSKA POLSKIEGO,13A
61017,49831,Żnin,88-400,ŚNIADECKICH,11
90737,95813,Morąg,14-300,3 Maja,21/53
90737,95822,Orneta,11-130,Zamkowa,12
90737,90675,Pasłęk,14-400,Bolesława Chrobrego,31
90737,95831,Pieniężno,14-520,Dworcowa,25
36082,35342,Góra,56-200,Starogórska,12
36082,35355,Góra,56-200,Podwale,34
36082,35394,Rawicz,63-900,Rynek,34a
36082,35407,Ścinawa,59-330,Szeroka,11a
36082,35368,Wołów,56-100,Marszałka Józefa Piłsudzkiego,21
36082,35381,Wschowa,67-400,Księdza Kostki,11
45560,44220,Szczecin,70-332,Aleja Piastów,63
60729,83405,Aleksandrów Łódzki,95-070,Wojska Polskiego,8
60729,50218,Barlinek,74-320,31 STYCZNIA,1/1
60729,50236,Bogatynia,59-920,DASZYŃSKIEGO,9A
60729,50254,Bolesławiec,59-700,ZGORZELECKA,44
60729,50290,Bytom,41-902,WROCŁAWSKA,16
60729,50272,Bytom,41-902,PIEKARSKA,46
60729,50308,Chorzów,41-500,11 LISTOPADA,42
60729,50326,Chorzów,41-500,3 MAJA,23/2
60729,50344,Choszczno,73-200,WOLNOŚCI,19
60729,50362,Cieszyn,43-400,MENNICZA,20/1
60729,50380,Czechowice Dziedzice,43-502,NIEPODLEGŁOŚCI,26
60729,50434,Dąbrowa Górnicza,41-302,KRÓLOWEJ JADWIGI,20D
60729,50416,Dąbrowa Górnicza,41-301,KRÓLA JANA III SOBIESKIEGO,3
60729,50398,Dąbrowa Górnicza,41-300,3 MAJA,10/5
60729,50452,Drawsko Pomorskie,78-500,PLAC KONSTYTUCJI,16
60729,50488,Gdańsk,80-398,OBROŃCÓW WYBRZEŻA,2A
60729,50470,Gdańsk,80-241,ALEJA GRUNWALDZKA,52
60729,50506,Głubczyce,48-100,WODNA,9
60729,50533,Gorlice,38-300,MICKIEWICZA,14
60729,85868,Grodków,49-200,Rynek,7
60729,50605,Gryfów Śląski,59-620,LUBAŃSKA,49
60729,50623,Jastrzębie Zdrój,44-335,AL. JÓZEFA PIŁSUDSKIEGO,2B
60729,50641,Jastrzębie Zdrój,44-335,WRZOSOWA,12
60729,50659,Jelcz-Laskowice,55-220,CHABROWA,4 &#40;PAWILONY&#41;
60729,50677,Katowice,40-094,SŁOWACKIEGO,17
60729,50695,Kędzierzyn-Koźle,47-200,JANA PAWŁA II,4
60729,50713,Kędzierzyn-Koźle,47-200,ZŁOTNICZA,1/3
60729,87688,Kępno,63-300,Marcinkowskiego,21
60729,50767,Kęty,32-650,RYNEK,5
60729,50803,Kielce,25-365,SEMINARYJSKA,2 PAW. 6
60729,95019,Kielce,25-536,Wojewódzka,2
60729,101347,Kielce,25-502,Paderewskiego,48
60729,50785,Kielce,25-334,WINNICKA,24
60729,50839,Kielce,25-734,JAGIELLOŃSKA,63
60729,50857,Krapkowice,47-300,OPOLSKA,31D
60729,50875,Lubań,59-800,BRACKA,15
60729,50893,Lubsko,68-300,PLAC WOLNOŚCI,20
60729,50911,Lwówek Śląski,59-600,ORZESZKOWEJ,37
60729,50929,Łowicz,99-400,ZDUŃSKA,49
60729,83306,Łódź,91-329,Limanowskiego,89
60729,83324,Łódź,93-171,Sieradzka,1
60729,83333,Łódź,90-264,Jaracza,7
60729,83351,Łódź,91-069,Klonowa,17
60729,83432,Łódź,91-855,Łagiewnicka,65
60729,83459,Łódź,91-142,Rojna,3/5
60729,83468,Łódź,90-702,Legionów,50
60729,83477,Łódź,93-249,Rzgowska,75
60729,83486,Łódź,93-252,Felińskiego,9
60729,83513,Łódź,91-069,Próchnika,13
60729,83522,Łódź,93-202,Armii Krajowej,30b
60729,83558,Łódź,90-447,Piotrkowska,189
60729,83576,Łódź,91-069,Kurczaki,26
60729,83621,Łódź,90-624,Żeromskiego,47
60729,83630,Łódź,93-121,Przybyszewskiego,104
60729,85028,Łódź,93-121,Przybyszewskiego,47/49
60729,85942,Łódź,93-004,Piotrkowska,292
60729,89567,Łódź,91-055,Zachodnia,25AB
60729,100277,Łódź,91-446,Zgierska,11
60729,99971,Łódź,90-423,Piotrkowska,81
60729,83396,Łódź,90-030,Przędzalniana,42
60729,50947,Mikołów,43-190,JANA PAWŁA II,20
60729,50965,Mosina,62-050,FARBIARSKA,22E
60729,50983,Niemodlin,49-100,RYNEK,19
60729,51001,Nowogard,72-200,700-LECIA,26 G
60729,51019,Olkusz,32-300,KRÓLA KAZIMIERZA WIELKIEGO,37
60729,51037,Ostrowiec Świętokrzyski,27-400,ALEJA 3 MAJA,4
60729,51055,Ostrowiec Świętokrzyski,27-400,ALEJA JANA PAWŁA II,81D
60729,83450,Pabianice,95-200,Bracka,29F
60729,91992,Pabianice,95-200,Zamkowa,34
60729,83387,Pabianice,95-200,Orla,42
60729,83423,Pabianice,95-200,Zamkowa,40/42
60729,51073,Paczków,48-370,RYNEK,38
60729,85001,Piekary Śląskie,41-940,Wyszyńskiego,54
60729,85010,Piekary Śląskie,41-940,Bytomska,78
60729,89589,Piotrków Trybunalski,97-300,Słowackiego,47
60729,83540,Piotrków Trybunlski,97-300,Wojska Polskiego,53
60729,83441,Płońsk,09-100,Wolności,22
60729,51091,Pszczyna,43-200,BOLESŁAWA CHROBREGO,8
60729,51109,Pyrzyce,74-200,PLAC WOLNOŚCI,1
60729,85951,Racibórz,47-400,Odrzańska,2-4/7A
60729,83360,Racibórz,47-400,Opawska,67
60729,83612,Racibórz,47-400,Londzina,15
60729,51127,Radlin,44-310,KORFANTEGO,3
60729,50515,Rybnik,44-200,KORFANTEGO,4
60729,50551,Rybnik,44-200,WYSOKA,2
60729,50587,Rybnik,44-217,UL. KARD. B. KOMINKA,9
60729,50614,Rybnik,44-253,PATRIOTÓW,18
60729,50632,Rydułtowy,44-280,TRAUGUTTA,295
60729,50650,Sandomierz,27-600,WIEJSKA,2
60729,50668,Sieradz,98-200,JANA PAWŁA II,52/2
60729,50686,Skoczów,43-430,TARGOWA,10/2
60729,83315,Sochaczew,96-500,Piastowska,5
60729,50722,Sosnowiec,41-201,TARGOWA,7
60729,50740,Sosnowiec,41-205,ORLA,11
60729,50758,Sosnowiec,41-208,WOJSKA POLSKIEGO,31
60729,50776,Sosnowiec,41-209,MARSZAŁKA JÓZEFA PIŁSUDSKIEGO,46
60729,50794,Sosnowiec,41-219,BOHATERÓW MONTE CASSINO,46C
60729,50704,Sosnowiec,41-200,JANA DEKERTA,20
60729,50812,Stalowa Wola,37-450,GENERAŁA LEOPOLDA OKULICKIEGO,92
60729,85019,Strzelin,57-100,Dzierżoniowska,16E
60729,50830,Strzelin,57-100,KOŚCIUSZKI,3
60729,50848,Szczecinek,78-400,BOHATERÓW WARSZAWY,11
60729,50866,Szczecinek,78-400,WYSZYŃSKIEGO,45
60729,50884,Szprotawa,67-300,BEMA,1
60729,50902,Świdnica,58-100,DŁUGA,45B
60729,50938,Świdnica,58-100,WAŁBRZYSKA,6
60729,97124,Świdnica,58-100,Komunardów,14/2
60729,50956,Świdwin,72-300,3 MARCA,44
60729,50974,Świebodzice,58-160,ŚWIDNICKA,3
60729,50992,Tarnobrzeg,39-400,MARSZAŁKA JÓZEFA PIŁSUDSKIEGO,2A
60729,88505,Tarnów,33-100,KRAKOWSKA,2
60729,51028,Tarnów,33-100,LWOWSKA,11
60729,51046,Tarnów,33-100,OSIEDLE NIEPODLEGŁOŚCI,1
60729,83603,Tomaszów Mazowiecki,97-200,Plac Kościuszki,1
60729,92518,Tomaszów Mazowiecki,97-200,Warszawska,47A
60729,83549,Tomaszów Mazowiecki,97-200,Piłsudskiego,2A/17B
60729,51064,Ustka,76-270,MARYNARKI POLSKIEJ,32
60729,51082,Warszawa,01-627,SŁOWACKIEGO,6/8
60729,51100,Wieruszów,98-400,WARSZAWSKA,12
60729,51133,Wodzisław Śląski,44-300,RYNEK,6
60729,51118,Wodzisław Śląski,44-300,JANA PAWŁA II,pawilon 2
60729,51154,Wołomin,05-200,KOŚCIELNA,19
60729,93730,Wrocław,53-333,POWSTAŃCÓW ŚLĄSKICH,122
60729,51181,Wrocław,50-442,KOŚCIUSZKI,83/1U
60729,51217,Wrocław,53-444,PERECA,14
60729,96533,Wrocław,53-336,Radosna,38
60729,51172,Wrocław,50-349,SIENKIEWICZA,55
60729,51163,Wrocław,50-212,OTWARTA,4
60729,51190,Wrocław,51-315,KIEŁCZOWSKA,51B
60729,51226,Ząbkowice Śląskie,57-200,GRUNWALDZKA,18
60729,95842,Zduńska Wola,98-220,Łaska,9
60729,51244,Zgierz,95-100,1 MAJA 30/40 LOK,30/40/51
60729,99962,Zgorzelec,59-900,Poniatowskiego,19/6
60729,51253,Zgorzelec,59-900,DASZYŃSKIEGO 75,75 B
60729,95916,Zgorzelec,59-900,Bolesława Chrobrego,49/6
60729,51262,Zgorzelec,59-900,KOŚCIUSZKI,62A
60729,51280,Ziębice,57-220,KOLEJOWA,14
60729,51289,Złotoryja,59-500,RYNEK,31
60729,51307,Żary,68-200,SRÓDMIEJSKA,19A
60729,51298,Żary,68-200,PODCHORĄŻYCH,5
60729,51325,Żory,44-240,GÓRNE PRZEDMIEŚCIE,7A
60729,51334,Żory,44-240,KOŚCIUSZKI,8
60729,51316,Żory,44-240,DĄBROWSKIEGO,21
60729,83369,Żyrardów,96-300,1 Maja,15
60729,51352,Żywiec,34-300,HANDLOWA,3
60729,51343,Żywiec,34-300,DWORCOWA,14
41967,41880,Mława,06-500,Żwirki,20
96836,96295,Warszawa,02-495,Stanisława Wojciechowskiego,33 lok.16
99296,99164,Wrocław,54-130,Bulwar Ikara,29a/3
82502,82236,Elbląg,82-300,3 Maja,12/2
43869,41947,Chodzież,64-800,Raczkowskiego,10
37387,37109,Przemyśl,37-700,Jagiellońska,11
82407,82388,Elbląg,82-300,12 Lutego,16-20
82407,101357,Pasłęk,14-400,Władysława Jagiełły,2
43511,42885,Łódź,92-508,Ćwiklińskiej,22
43511,42872,Łódź,93-224,Podhalańska,24 lok. 39
42651,42552,Bydgoszcz,85-011,ul. JANA I JĘDRZEJA ŚNIADECKICH,39
42709,42632,Gostynin,09-500,Rynek,8
42709,42619,Kutno,99-300,Warszawskie Przedmieście,14/2
71178,65207,PIASECZNO,05-500,JANA PAWŁA II,45
93204,93065,KALISZ,62-800,ALEJA WOJSKA POLSKIEGO,145
81806,76999,Leżajsk,37-300,Rzeszowska,14
81806,76986,Łańcut,37-100,Ottona z Pilczy,7
81806,76960,Rzeszów,35-328,Popiełuszki,28B
81806,76973,Rzeszów,35-222,Okulickiego,9
81806,77012,Strzyżów,38-100,Słowackiego,26
38878,38649,Lublin,20-603,Wileńska,21
100866,99608,Bolesławiec,59-700,Zgorzelecka,40
98662,101701,Wrocław,50-315,Nowowiejska,43
98662,98119,Wrocław,50-420,Traugutta,104
36804,36349,Poznań,61-844,Pl. Bernardyński,4
34431,33515,DZIERZGOŃ,82-440,PLAC WOLNOŚCI,7
34431,33528,PRABUTY,82-550,IGNACEGO DASZYŃSKIEGO,1C
34431,33541,SUSZ,14-240,PRABUCKA,9A
89222,91558,Będzin,42-500,Małachowskiego,21
89222,91504,Bielsko-Biała,43-300,Łukowa,7
89222,91414,Bielsko-Biała,43-300,Partyzantów,23
89222,91450,Bielsko-Biała,43-300,Barlickiego,1/10
89222,91540,Bytom,41-909,Świętochłowicka,42/1
89222,91513,Cieszyn,43-400,Olszaka,1
89222,91477,Dąbrowa Górnicza,41-303,Józefa Wybickiego,8
89222,91495,Jastrzębie-Zdrój,44-335,Piłsudskiego,28
89222,91522,Katowice,40-671,Armii Krajowej,82
89222,91549,Katowice,40-174,Katowicka,4
89222,91432,Katowice,40-717,Koszalińska,14
89222,91459,Katowice,40-067,Mikołowska,20
89222,91423,Mysłowice,41-400,Franciszka i Stanisława Żwirki i Wigury,2
89222,91531,Ruda Śląska,41-706,Solidarności,9
89222,91486,Tychy,43-100,Wyszyńskiego,27
89222,91441,Zabrze,41-800,Wolności,266
89222,91468,Żory,44-240,Męczenników Oświęcimskich,44
55977,43425,Radom,26-610,Struga,29
72455,71348,Hrubieszów,22-500,Rynek,8
70780,68301,Andrychów,34-120,Krakowska,94
70780,68314,Czeladź,41-250,Bytomska,12
70780,68340,Jaworzyna Śląska,58-140,Mickiewicza,2A/13
70780,68353,Radzionków,41-922,Męczenników Oświęcimia,8
70780,87727,Siemianowice Śląskie,41-100,Powstańców,25
70780,68379,Siemianowice Śląskie,41-100,Śląska,20
70780,68392,Tarnowskie Góry,42-600,Opolska,10
70780,68418,Tarnowskie Góry,42-600,Piłsudskiego,7/2
70780,68431,Wołów,56-100,Radna,1
70780,68626,Wrocław,50-520,Gajowa,70
70780,68639,Wrocław,50-559,Świeradowska,26
70780,68665,Wrocław,51-163,Al. Kromera,6
70780,68678,Wrocław,51-312,Krzywoustego,324
70780,68691,Wrocław,51-644,Olszewskiego,73
70780,68704,Wrocław,52-118,Chińska,3B
70780,68717,Wrocław,53-238,Ostrowskiego,1
70780,98864,Wrocław,52-314,Wałbrzyska,4
70780,68743,Wrocław,53-325,Hallera,53
70780,68756,Wrocław,53-502,Grabiszyńska,30
70780,68769,Wrocław,53-621,Gajowicka,96
70780,68782,Wrocław,53-621,Głogowska,6
70780,68795,Wrocław,54-130,Bulwar Ikara,21
70780,68808,Wrocław,54-142,Dokerska,3
70780,68821,Wrocław,54-206,Legnicka,66
70780,68834,Wrocław,54-432,Strzegomska,200
70780,68847,Wrocław,54-436,Budziszyńska,107 D
70780,68444,Wrocław,50-004,Kołłątaja,33
70780,68470,Wrocław,50-075,Krupnicza,3.1-B
70780,68496,Wrocław,50-231,Trzebnicka,56/1C
70780,68522,Wrocław,50-301,Jedności Narodowej,109/1B
70780,68548,Wrocław,50-361,Piastowska,19
70780,94698,Wrocław,50-217,Pomorska,51/53LU5
70780,68613,Wrocław,50-502,Hubska,82/1B
70780,68587,Wrocław,50-438,Kościuszki,159
70780,68574,Wrocław,50-433,Prądzyńskiego,34
70780,68561,Wrocław,50-417,Traugutta,85
70780,68535,Wrocław,50-310,Daszyńskiego,22
70780,68509,Wrocław,50-260,Jedności Narodowej,45
70780,68483,Wrocław,50-080,Psie Budy,5/6
70780,68457,Wrocław,50-020,Piłsudskiego,86
70780,89009,Wrocław,51-114,Obornicka,59
70780,68730,Wrocław,53-319,Hallera,3
96865,96511,Poznań,61-886,Półwiejska,43/5
65590,64961,ŁÓDŹ,94-102,MARATOŃSKA,24/32
65590,64948,ŁÓDŹ,90-135,NARUTOWICZA,2
64167,44370,Bydgoszcz,85-826,Szpitalna`,1A
99768,99737,Wrocław,50-223,pl. Staszica,3 LU
34880,34317,Wrocław,50-017,Piłsudskego,92/lu1
98930,97826,Częstochowa,42-202,Garncarska,25
71206,70075,Wrocław,50-079,Ruska,40
38130,37734,Dąbrowa Górnicza,41-300,3go Maja,14
67396,56457,Jelenia Góra,58-560,Wojewódzka,2
60822,43492,Poznań,61-774,Wielka,17
69163,67472,Warszawa,00-480,Wiejska,11/1
34993,34035,Krosno,38-400,Wojska Polskiego,42A
35852,88660,Nowy Sącz,33-300,Lwowska,46
35852,34778,Nowy Sącz,33-300,Kolejowa,14
86324,68218,Poznań,60-143,Podchorążych,11
89992,89737,Warszawa,04-026,Ostrobramska,126
68043,67555,Czechowice-Dziedzice,43-502,Michałowicza,6B
88290,88232,KATOWICE,40-061,ANDRZEJA,13
65768,65571,Łobez,73-150,Pocztowa,21C
34459,34118,Olsztyn,10-518,Mazurska,6B
34459,34144,Olsztyn,10-686,Wilczyńskiego,25e/8
34459,34131,Olsztyn,10-081,Al.Warszawska,10
37903,36896,Lublin,20-123,Lubartowska,43 lok D248
70752,69283,Katowice,40-108,Dębowa,82
69108,66063,Bydgoszcz,85-060,JANA III SOBIESKIEGO,1/14
87660,87612,Kielce,25-018,Żytnia,14
36110,35995,Dąbrowa Górnicza,41-303,Kasprzaka,10
100355,100336,Wrocław,53-319,AL. GEN. JÓZEFA HALLERA,7 lok. 17
70970,69637,Warszawa,00-004,Marszałkowska,138
38014,36635,KIELCE,25-017,PADEREWSKIEGO,7/10
72825,72204,KIELCE,25-502,SIENKIEWICZA,60A
42337,42290,gdynia,81-002,kartuska,12
42337,42277,gdynia,81-355,wójta radtkego,47/5a
86602,84966,Częstochowa,42-200,Aleja Wolności,13
86602,84953,Kielce,25-002,Sienkiewicza,79
86602,92528,Piotrków Trybunalski,97-300,Słowackiego,9
86602,92537,Skarżysko-Kamienna,26-110,Sokola,10
86602,84979,Starachowice,27-200,Wyskoka,22
91606,91366,Grudziądz,86-300,Toruńska,33/1
38821,38266,Żychlin,99-320,Narutowicza,6
67603,65028,RADOMSKO,97-500,PLAC 3 MAJA,4
92909,92876,Radomsko,97-500,pl. 3-go Maja,10
89073,88745,Sosnowiec,41-200,Targowa,11
71783,70653,Gorzów Wielkopolski,66-400,30 Stycznia,23
71783,70666,Strzelce Krajeńskie,66-500,Okrężna,1
42767,41495,Aleksandrów Łódzki,95-070,Bratoszewskiego,3
41346,40790,Bydgoszcz,85-088,Marii Skłodowskiej Curie,27e
41346,40777,Bydgoszcz,85-010,Dworcowa,37/7
41374,40873,Bydgoszcz,85-791,Stanisława Skarżyńskiego,5
41374,81953,Bydgoszcz,85-316,Władysława Broniewskiego,4
41374,40899,Bydgoszcz,85-806,Aleja Prezydenta Lecha Kaczyńskiego,35
41374,40886,Bydgoszcz,85-132,Ugory 50,50
41203,40263,BYDGOSZCZ,85-124,MARII KONOPNICKIEJ,65/3
41203,40250,BYDGOSZCZ,85-011,ŚNIADECKICH,20
35266,34576,Zabrze,41-800,3 Maja,38
35266,34563,Zabrze,41-800,Szczęść Boże,2/2
65114,64687,KUTNO,99-300,BARLICKIEGO,37
65114,64661,ŁÓDŹ,93-024,RZGOWSKA,75
65114,64674,PŁOCK,09-400,KRÓLEWIECKA,12
42738,40346,Mosina,62-050,Niezłomnych,3/13
42681,40429,Mosina,62-050,Niezłomnych,3/13
72627,67965,Gdańsk,80-852,Dyrekcyjna,6
72627,67952,Kraków,31-323,Opolska,12A
72627,67939,Warszawa,02-175,Pilchowicka,27/3B
72627,67926,Wrocław,50-559,Świeradowska,77
71149,67173,Bolesławiec,59-700,Sierpnia 80,"12,13/10"
71149,67160,Nowa Sól,67-100,Pl. Wyzwolenia,15
42476,42457,Zielona Góra,65-426,Kupiecka,2/9
95721,95459,Wrocław,54-130,Bulwara Ikara,17/5A
60943,59077,Malbork,82-200,Aleja Wojska Polskiego,91
69191,67310,Mikołów,43-190,Świętego Wojciecha,26
69191,67297,Tychy,43-100,Niepodległości,188
88009,87285,Kraków,31-201,Bratysławska,4
41231,39510,Warszawa,03-435,11 Listopada,14
41231,39497,Warszawa,00-022,Chmielna,27/31
40974,85962,Warszawa,03-728,Targowa,33/35/37 lok. A4
40974,39404,warszawa,03-733,Targowa,36
70808,66672,KŁODZKO,57-300,GROTTGERA,5
71867,66549,POZNAŃ,61-703,GWARNA,10
83884,83865,JAWOR,59-400,STAROJAWORSKA,9
34403,34384,Gorzów Wielkopolski,66-400,ul. Pocztowa,11/3
42796,36199,Łódź,90-001,Tadeusza Boya-Żeleńskiego,12
42796,36186,Łódż,93-008,Rzgowska,33 B
41060,39737,Warszawa,01-125,Górczewska,97 lok U10
35426,34862,Kraków,31-917,os. Hutnicze,1
90295,90189,BYTOM,41-902,DWORCOWA,34/4
90295,90202,BYTOM,41-902,PODGÓRNA,3/14
90295,90254,BYTOM,41-902,POWSTAŃCÓW WARSZAWSKICH,18/17
90295,90228,BYTOM,41-902,PIEKARSKA,27/30
90295,90241,BYTOM,41-923,PLAC SZPITALNY,3
90295,90215,BYTOM,41-902,PIASTÓW BYTOMSKICH,2/18
95180,94912,Brzozów,36-200,Schodowa,2/3
37844,36568,GORZÓW WIELKOPOLSKI,66-400,BOLESŁAWA CHROBREGO,34/9
97750,97531,Jarocin,63-200,Kilińskiego,4
97750,97518,Krotoszyn,63-700,Koźmińska,42
97136,96717,Koszalin,75-446,Wańkowicza,36a
64403,64259,Iława,14-200,Jana III Sobieskiego,29
33943,33246,KALISZ,62-800,STASZICA,32/4
33943,33233,SIERADZ,98-200,JANA PAWŁA II,33B
33943,33220,ZDUŃSKA WOLA,98-220,SIERADZKA,6
34936,94341,Bełchatów,97-400,KOŚCIUSZKI,12
34936,33911,ŁÓDŹ,93-219,TATRZAŃSKA,21A LOK 6
34936,33924,OZORKÓW,95-035,NOWY RYNEK,5
34936,88905,Pabianice,95-200,Zamkowa,18
37754,37542,Chorzów,41-500,Katowicka,169
38964,37995,Łódź,91-212,Wersalska 47/75,112
81925,77320,Rzeszów,35-005,Artura Grottgera,18
82530,66482,Włoszczowa,29-100,Sienkiewicza,4
100132,100113,Barlinek,74-320,Niepodległości,43
71727,64594,Warszawa,00-526,KRUCZA,16/22 lok. 209
73159,67377,LUBLIN,20-632,JANA SAWY,1A/1E
41403,39177,Krasnystaw,22-300,Poniatowskiego,4
41403,76751,Ostrowiec Świętokrzyski,27-400,Okólna,1
41403,39203,Sandomierz,27-600,Koseły,2A
66568,45502,Kraków,30-504,Kalwaryjska,75
66568,45528,Kraków,30-611,Wysłouchów,1
66568,45515,Kraków,31-035,Starowiślna,50
66568,45541,Skawina,32-050,29 listopada,26a
38696,38349,Pyskowice,44-120,1 Maja,1B
89384,88989,Wągrowiec,62-100,Jeżyka,2d
73009,72901,Warszawa,02-715,Puławska,145
35238,33608,Kraków,31-346,Stawowa,61
35238,33621,Kraków,31-154,Pawia,"5, poziom -1"
35238,33634,Kraków,31-870,Medweckiego,2
35238,33647,Kraków,30-663,Wielicka,259
35238,81766,Kraków,30-644,Henryka Kamieńskiego,11
35238,33673,Kraków,30-418,Zakopiańska,62
35238,33686,Kraków,30-509,Kalwaryjska,7
35238,33699,Kraków,31-154,Pawia,5A
35238,33712,Kraków,31-580,al. Pokoju,67
35238,33660,Kraków,31-201,Bratysławska,4
73187,73101,Bielawa,58-260,Plac Wolności,3
73187,73114,Dzierżoniów,58-200,Klasztorna,14
73187,73127,Świdnica,58-100,Rynek,10
72655,41730,Lubań,59-800,Bracka,15
95152,95095,Lubań,59-800,Bracka,15
42309,41813,TOMASZÓW MAZOWIECKI,97-200,TKACKA,5A
87632,87365,Gdańsk,80-141,Kartuska,45
87632,87378,Gdańsk,80-884,Podwale Staromiejskie,105
87632,87391,Gdynia,81-041,Chylońska,91
87632,87352,Gdynia,81-362,Dworcowa,9
60887,58290,Warszawa,02-684,Puławska,246
71839,71459,Kowary,58-530,1 Maja,37
