__id,__lat,__lon
-1046000476,51.7455561,19.4618523
-360842724,53.2330195,20.1789897
-422093732,51.9446154,15.3184429
-552145993,50.7823958,15.7617977
-190626180,52.373983,15.5112274
-590126584,51.4122597,21.9591391
-382577073,52.78904,17.73111
-281735217,54.3493108,18.6563895
-407973662,52.4072865,16.9346527
-315936099,51.776416,19.455577
-667626513,53.3369697,15.0456469
-712190437,51.1093451,17.0424516
-337983166,51.4126696,21.9554843
-549742584,53.7479907,20.2344346
-1036621305,53.5903513,20.2894532
-436680332,49.5659583,22.2010849
-1660534,50.8120466,19.113213
-296070975,50.842842,16.4868181
-887415567,50.037761,22.0066732
-1069391992,51.8919728,15.4705972
-831256268,53.0133645,18.6033794
-472847596,50.0477445,19.9437528
-345613705,49.7931286,18.9705363
-35313355,50.2972328,16.6537429
-690850232,50.3995644,22.6513394
-827557144,50.3495143,18.9256014
-224533926,54.3488947,18.6526425
-935588441,50.0628889,19.936369
-680594596,50.5795239,21.6767856
-339615894,51.9567202,20.1415892
-1060689963,50.9658856,21.4590144
-790405036,51.4026169,21.1421469
-102090130,53.4911923,18.7469372
-735469462,50.8041838,23.8876562
-898573491,51.0878083,20.8502056
-170352881,49.9692845,20.4311679
-58014719,50.638729,20.304287
-200262601,49.6127664,19.9479775
-1027900477,54.074223,21.3771047
-933967718,52.3372539,21.2222631
-487480215,50.0496645,19.9464679
-892540889,51.7401609,23.3896856
-701306531,52.2449891,21.0131779
-927519878,54.0472067,17.9181022
-205654438,53.6105466,21.5026577
-530818215,53.0846093,21.5665545
-713364958,50.4745604,16.259462
-464820144,50.2448782,21.7786402
-153993763,50.1577143,19.9738075
-921483615,51.2238922,20.8575141
-592355492,49.6951822,21.6554932
-798588393,52.5433817,19.6902707
-107435139,50.0933183,19.0910792
-137971044,50.3106765,19.0301415
-499536240,50.1291845,18.9896069
-785471311,50.2892536,18.7918825
-649668338,50.3184569,19.1837233
-481393479,50.3103686,18.8524009
-170545578,51.1096932,17.0325215
-21987408,54.356998,19.6821438
-356572076,50.0755565,19.4397891
-1002465544,51.32188,21.94638
-29572611,52.3141019,16.7961515
-652244774,52.2453889,21.0042645
-362013544,50.0343178,20.2181751
-498731203,51.5966498,15.2922393
-614268751,53.1246261,18.0031244
-393212066,51.8413707,16.5714711
-251164725,49.56398,19.64901
-61142232,49.5136679,20.2492656
-157986045,52.7850379,14.494341
-592089715,50.4044418,16.3959125
-704789748,52.5338606,17.5832097
-307903885,51.1089776,17.0326689
-858956782,51.5447826,23.5531594
-241445727,50.7269125,17.901834
-758947823,54.4640136,17.0345265
-178664503,50.2887013,18.9259249
-885322153,50.7498289,23.3630749
-986826459,50.8655361,15.6778538
-431045628,53.1519438,22.1703443
-651499917,51.0478812,21.0678912
-778814675,52.8396398,15.8381324
-462519535,49.697095,22.0213893
-464204650,52.0862706,16.645239
-645116236,50.4539616,23.419911
-511979798,53.7657805,21.3379758
-1063746318,51.2705427,15.9292335
-429940894,53.6683758,17.3602104
-17142454,52.8938366,18.4073238
-153037828,50.9822565,23.171612
-416594009,52.1678491,22.2728071
-1046878488,52.2499543,15.5328747
-735472904,51.60634,17.52786
-739292627,52.68273,22.4849
-529658600,52.9067647,20.7163478
-218189923,50.3084928,19.0634796
-957940871,53.0830178,18.2279133
-256501204,50.774826,15.7591256
-752648758,52.2741762,20.9969981
-57976090,50.6005474,17.0408049
-281448574,52.8793204,20.6178762
-170195218,50.0478769,19.9613687
-57721366,50.6688468,17.9242969
-575408733,49.9340532,19.9444653
-581416440,52.2109695,18.6321466
-308523462,53.4479891,14.540561
-314118081,52.5803952,14.6393108
-751874870,49.7161244,18.8173351
-684464740,51.6948083,17.8648606
-489473675,50.0633432,22.4882427
-889985941,50.0928009,18.2175343
-547628907,50.4442168,18.8548796
-711606489,51.5314448,20.0124509
-566859578,53.7777261,20.4747107
-711351706,52.3856151,20.1920797
-381506115,50.8678013,20.628735
-571241371,51.2600155,22.5060373
-405007741,52.8653548,19.636218
-914789082,50.6842151,17.8589835
-709270142,51.113059,17.0047051
-241893374,54.1685512,17.492036
-284166906,50.328821,19.1238724
-663919636,53.9673898,18.5322091
-28376651,54.4199605,16.4124654
-476821973,52.25447,19.5792
-386004187,49.9781583,18.9404523
-770727653,54.2189,18.10255
-152493242,50.7175722,23.2529298
-51300710,51.4595933,22.4894984
-948164439,50.5317152,22.7180297
-60625664,51.2775503,17.9904047
-953956078,53.1395818,17.6027133
-770463691,50.3575282,20.0267596
-382056710,53.0413996,16.458462
-262126038,50.3217308,17.5831171
-599270542,54.6562931,18.4205636
-268472239,52.63538,21.85022
-173820745,52.2329905,17.197826
-998405081,53.2715388,16.4719458
-181796682,49.9153019,20.4655406
-800158549,51.8650897,17.6051115
-1072032258,50.2992287,19.1432829
-1040087476,52.2459581,21.0007764
-340919072,52.2381491,21.0121665
-1020809955,50.2001237,17.8301681
-272209200,49.7231834,19.3816936
-632892937,52.2502252,21.0123863
-455371981,51.1108793,17.0476455
-536034272,49.7832209,22.7716714
-264087971,53.018504,18.5134325
-886839147,52.2327651,21.0019577
-893137756,50.2598987,19.0215852
-437061676,52.635099,22.0540696
-708307437,50.0684665,22.2343151
-39498137,53.0902389,21.5792676
-970353839,52.2317657,21.0057979
-805586048,54.3559415,18.6611212
-619336954,52.2363035,21.0063122
-235518292,52.221299,21.0185943
-116491920,52.2141249,21.0364591
-321497421,54.5158176,18.5478642
-640460909,52.408614,16.9299182
-767251983,52.2316968,21.0240904
-201635518,49.9839798,20.0600381
-995709057,54.356389,18.6718748
-713175572,50.0268878,19.2024384
-100844697,50.0542052,19.9361367
-859424705,52.2479003,21.0152802
-53657659,50.0560694,19.9371005
-896681287,52.5411617,19.6889372
-298142339,52.3970937,22.659929
-497000467,54.158129,19.3945141
-461746745,51.0754181,21.0157493
-771734069,52.7061702,18.2149302
-513566593,54.356998,19.6821438
-727487446,51.8043706,23.6018529
-535465263,53.8034933,21.5690717
-994782283,52.255005,21.0327175
-956663646,53.6942143,17.5616639
-647939431,52.4228206,20.8992562
-885175029,50.5851904,23.358841
-63219039,52.160607,21.2184664
-457614047,53.7405813,18.9353247
-595397219,52.3172279,21.1124651
-600525416,51.2805223,22.5463636
-568642432,51.9703936,22.7187947
-485346335,52.418662,20.9070848
-569303263,51.0382699,18.7728923
-56497807,52.5117667,20.257818
-892907537,49.781281,22.8014824
-318220311,49.9112237,18.7534444
-754049921,49.7848902,22.7102412
-506639244,52.2450113,21.2738648
-630582737,49.9683551,14.8778589
-216380642,53.6565889,14.5049612
-5191773,50.036017,22.0100986
-628478238,52.2371847,20.9991932
-54340072,54.2011743,16.1705025
-1041580867,53.5016165,19.7412079
-409324634,53.0170413,20.883057
-40379666,53.9214604,19.3521146
-8746192,52.22919,21.0168578
-1021075736,52.291113,21.5491157
-834356799,54.583961,16.8607441
-849549499,53.13616,18.18754
-247469201,52.7985739,21.9085612
-475395264,50.6349371,18.8441049
-547922487,52.19554,22.37785
-504683673,49.7528228,18.6284389
-55002029,52.1400139,21.2424966
-363561662,53.9087904,14.249872
-601944601,51.1051432,20.7458698
-113348174,50.9350755,21.0112461
-612568460,49.8931647,20.2457338
-562350753,52.4287032,16.7872998
-248898639,52.3515061,17.0440665
-122151787,52.1449734,21.2252844
-493306627,54.295588,18.3811313
-931650539,51.1968253,17.3760409
-493545580,52.2658505,21.0164987
-482197944,54.3142695,18.4701843
-495529222,52.2381575,15.3553971
-55372322,50.4397944,16.8747918
-258664632,52.2716735,20.9361012
-528704890,50.6814184,16.5437293
-405086605,53.5781296,16.5448452
-672682816,51.5667356,16.3712756
-226180167,52.1618333,21.7553203
-431074787,49.3113889,22.6736111
-858743321,50.1499235,19.0027097
-925146906,52.22928,19.62806
-330238442,53.8381088,18.0818051
-192079917,52.1575652,20.7900299
-663459154,50.2564677,19.0155838
-109483442,52.4455506,20.6926141
-130051381,52.4069254,16.9336462
-69600343,52.2666667,18.5666667
-535042523,51.0715185,15.1636017
-303853919,52.2430811,20.9610001
-688064322,52.8709865,20.6259179
-209637837,50.4242106,22.2731068
-376374559,52.5135193,21.0731162
-752163369,49.2551839,22.6884735
-867816215,52.4114604,20.9309568
-50221986,52.8782082,21.4265977
-84476987,54.454199,18.0262813
-521990386,52.2524951,21.294041
-1053468311,52.4154029,20.6704798
-389334436,52.3153726,22.3306567
-230783605,49.84103,19.3589
-980794877,50.9463435,23.0055926
-511105423,52.2932884,20.8096749
-58322302,50.8719648,15.9125319
-797941012,51.7164981,18.8569502
-251612608,53.6552016,21.4642009
-24775639,53.09776,17.00487
-307925526,52.2478859,20.9440542
-18021671,49.8498408,18.7611613
-646762514,52.2095313,21.1585489
-652579137,54.4009357,18.2695906
-489375498,54.0531153,21.3325602
-267151238,52.4624651,16.9824139
-632824068,53.1185349,17.6126505
-1052789491,52.1750737,21.0212591
-458074342,52.7421769,23.580405
-29533770,52.8277593,21.8807369
-467911933,52.2306351,21.051466
-228234485,53.3046112,21.4012806
-523873021,53.13469,19.07385
-339019258,54.5938348,18.3372465
-564074101,52.9639604,14.6204362
-847191111,52.594149,15.4913612
-553437184,49.8417182,21.6102843
-1025083428,50.6080395,17.1795745
-544628131,52.3630106,17.138987
-90839257,53.11234,14.63195
-89066868,52.7778335,20.1157094
-947644227,52.2544707,20.686055
-990065090,49.7755401,20.7020173
-434418368,54.2059665,17.9552688
-175937244,49.8454833,19.715059
-617024985,49.7357095,19.1333448
-332453573,50.299152,19.0087974
-759878941,50.1065813,19.9147462
-571076180,54.1238983,22.4941141
-835806956,52.21776,22.22552
-568216948,52.9967344,16.9129494
-860061798,51.2899918,15.9568203
-485632777,52.0779537,20.9938591
-552699575,52.194,20.84675
-480479168,50.0989298,21.9602711
-512395226,50.318598,19.145846
-142454108,52.2002299,20.9582721
-711366068,52.3447224,21.2140053
-778636232,49.8962424,18.9115987
-773524471,52.1749085,20.8875717
-1001688812,51.4015229,21.1474907
-436518404,50.2693473,19.0247622
-761140313,51.4104968,21.1796366
-887683819,51.8764568,21.5488252
-422130254,49.6460988,19.7792997
-392000217,50.3028146,18.9729831
-308755809,50.4675978,16.6241895
-772491912,50.6310059,16.4953425
-342458673,50.8239666,18.9908517
-740283950,53.2075903,22.7665577
-478511031,53.9064232,14.2704797
-697750761,51.951747,22.3883049
-764425764,51.2420091,22.5589581
-305589015,50.763805,21.533439
-104762327,53.2504827,22.8730261
-875297701,52.5421933,16.9505132
-1068803331,54.1760106,15.5766818
-478222344,52.77944,17.27255
-921073052,49.6656082,21.6111083
-921214532,53.0541252,18.7194789
-826953488,53.13054,18.76184
-938513144,50.4740142,20.7144701
-501806715,49.9498141,19.9446102
-903543709,52.4317765,16.7914089
-900583037,50.7818303,19.1313618
-335316352,51.7383431,19.591826
-480474958,52.4963019,20.0408207
-418067923,54.7699985,18.257084
-244461007,50.294113,18.6657306
-210752907,52.5457153,17.6017701
-848428677,50.5107616,20.7619082
-178236714,53.2622538,18.9740955
-58845663,54.4869328,18.2221351
-567707051,51.8975863,21.6068737
-475244085,49.7955908,18.825361
-761687149,52.9853692,17.5609154
-917201157,52.2309114,20.9016027
-841739763,53.1233987,17.9986301
-34958945,52.649244,17.9616447
-665324673,51.5594992,22.5243244
-443194592,52.9907341,14.7777666
-834962751,51.1999743,15.3866317
-42195582,52.6708685,16.6705834
-478552810,52.3694996,15.5338444
-566910664,53.3558983,15.4230946
-691623247,54.2894658,22.0291879
-449271925,52.4309083,16.8004149
-709653229,51.5951835,15.3383324
-188150795,50.8608818,20.7029748
-148706651,54.3463201,18.3516797
-639312427,49.8496945,18.7603921
-427528570,53.9021221,15.2857973
-299516466,52.94904,19.02027
-142827204,54.3614611,18.6520353
-342465362,49.6637444,18.8533915
-682952184,51.062769,17.0311255
-635519476,52.5305504,21.1268439
-594237710,52.161894,21.0772852
-965757451,52.8990809,21.5328674
-230643095,52.2288044,21.0085134
-422349280,52.3537457,16.6779731
-1038196985,53.17308,22.77598
-873305005,54.448714,18.563445
-898231256,50.1296718,18.9723693
-319713495,52.1212704,21.0223432
-287367054,52.136824,21.9996017
-565768546,51.0707674,15.3663678
-798541299,53.9081606,19.3441491
-1033455267,52.0257275,21.0294899
-466185744,52.5379926,17.6035024
-453092878,54.3530085,18.514389
-370805691,54.4863856,18.36447
-153229275,51.06969,15.3806451
-972448665,54.2988396,16.5021043
-285243091,53.2134724,18.3852102
-503408361,53.3425056,16.5700296
-572315207,50.26717,18.5247194
-900367459,50.3430235,18.9152842
-792277810,52.7818873,17.2509828
-290121581,53.1300646,18.0021497
-702536646,52.4584041,20.1030793
-121325319,52.1107465,21.0129036
-934851412,53.38518,19.24702
-516732988,53.8245126,20.3920084
-757403718,50.3212077,18.8191099
-675216939,52.2544707,20.686055
-54892269,50.2396389,19.3182767
-787389808,52.2614033,18.9091499
-640696076,50.5588724,21.1780927
-439734618,51.0349,17.34489
-18521353,52.7479101,18.1165092
-794747935,51.1703384,17.0027885
-336563100,52.2173517,21.2237265
-988447105,52.2612972,20.9956823
-169413184,52.3473983,16.8451383
-1017537130,52.0012181,21.3955832
-291715901,52.2589142,21.1529393
-179008409,49.7943305,21.2446861
-984324079,49.4298739,22.5949721
-157651822,54.6053361,18.5158597
-801134650,52.1819721,21.2024112
-42884139,51.6379702,15.138861
-1043734517,52.2555318,21.2957804
-51136990,54.3400552,18.6572635
-48062223,50.0532573,18.6219518
-432956034,52.3540701,20.8574612
-927179077,51.9915817,15.7874164
-625390188,52.2061357,22.7147084
-743711024,52.1621144,21.0684557
-161178544,52.10605,19.96305
-247018518,52.2188284,21.2409395
-527113967,50.4379955,18.9371179
-864637707,54.3800071,19.4433631
-1018413848,50.6746112,16.3271186
-116784163,50.8253867,21.8061133
-530268478,50.9360923,15.7391891
-78103558,50.4412926,16.2414903
-896945712,53.80146,16.6884
-1015263670,52.3545086,20.9332987
-749133585,49.7448876,21.7915165
-82768408,50.3557643,18.2585078
-49337594,53.7392671,18.946694
-543436129,52.8903134,21.3891831
-48871268,54.2532137,18.642749
-768986269,51.5405539,15.7567549
-676135312,52.1069597,22.1299878
-11984288,51.4704423,23.3272558
-20362255,52.1113687,16.0944543
-899023381,52.153829,21.2068596
-349515076,52.0792004,21.0288747
-741214588,52.34909,22.2466
-218042806,54.469234,18.4983524
-260923982,54.5498196,18.438599
-708694121,54.4526152,18.3382936
-579307859,54.5114395,18.5453249
-669362087,53.43836,17.54519
-727980016,52.2129578,21.0236704
-965749157,50.8251412,16.4587723
-27426715,49.7824271,19.0813675
-241389954,52.26551,20.47344
-853270092,53.1334575,17.58443
-612956413,51.3441556,21.937143
-793234915,52.2640764,20.8541329
-746748905,52.086477,20.8654497
-850214294,50.5483049,22.7682227
-766149385,51.3909217,21.1553821
-316237407,49.687973,21.753687
-754376567,50.139177,22.2511072
-828091534,51.7531178,18.3505463
-297517244,49.8834484,19.4925345
-415136862,53.7375734,17.193037
-1017319812,54.1250947,20.5619308
-432095992,50.4198438,20.9699961
-770920458,50.0984781,21.9946772
-346129494,53.2032,17.79879
-452544098,51.628619,21.1532566
-13028575,53.2370088,21.4815179
-884602794,52.4814511,21.1267165
-786046388,50.5056504,21.1736675
-466832490,52.1498432,20.8210178
-631252488,51.3844129,16.21916
-399364496,51.8045311,15.6949507
-498434989,49.9713543,18.3742937
-585966475,50.8064685,20.2451857
-767760356,53.0213319,18.610653
-589520628,53.0190673,18.6679916
-1042095836,53.2107899,18.3804668
-824321117,52.3478378,20.8900959
-505028341,52.2332627,21.1486944
-706123173,50.2916939,19.2731101
-26596347,54.2617511,18.6837678
-66062086,51.0921087,17.0475713
-877726706,52.1978793,23.2006343
-851372903,51.53947,17.6429
-891628050,49.3695954,22.4198848
-414985696,50.262424,19.0216316
-723977755,50.1725135,18.8843672
-596742557,49.6938821,21.766176
-973848768,52.6048,18.79587
-815533407,54.0821515,21.5200804
-875600419,52.2184722,20.9934917
-624609689,52.8616983,14.3965564
-83502859,49.33603,22.2873814
-758849127,53.2719219,16.4712116
-111080721,53.3257145,19.60188
-246397636,54.1907402,16.182685
-459511728,54.1895203,16.1795378
-464611580,53.7093995,18.9570722
-1038719402,53.9211012,19.347114
-474458383,54.1805581,15.5730827
-1072079870,49.7261961,18.8221088
-698604413,51.700579,22.209017
-842541267,50.0815422,20.0364942
-28320299,50.3096558,20.3189551
-3735419,54.4017767,18.6322907
-1907792,53.4832965,18.8162714
-227533700,52.2281312,20.9647993
-68762171,52.2253682,16.4378272
-139600305,54.6885871,18.0485461
-546246982,52.2280534,21.0265631
-523904680,50.6666478,17.9355385
-353433434,53.106679,17.8701775
-500643154,52.2282214,21.3561606
-392543502,50.3531638,18.9281374
-453590525,50.260255,19.0891003
-429527493,50.676831,18.2133141
-449153418,50.6970574,21.7470168
-594009733,50.4418049,18.8565838
-766172684,54.40798,18.24077
-223233916,51.247638,22.5445419
-705818727,50.5921295,22.0419443
-28820993,51.7644259,19.5113673
-801459980,53.1751458,18.0562174
-377810504,51.1139517,17.0365482
-370059567,50.9154441,16.4359783
-642518736,52.2418045,21.0027365
-967329667,52.2745714,21.0248344
-911088483,49.5504996,18.9251316
-149970411,51.7530431,19.4777577
-489588455,49.4604069,21.694059
-972476752,51.9323418,15.5011941
-638008675,54.151291,15.3427569
-199576519,53.7727089,15.7692138
-767763205,52.0433745,20.5910495
-198194609,51.4115513,19.6634795
-830926000,51.7101397,18.6252857
-589837413,52.1811013,20.8458709
-674569487,54.2899029,20.4882907
-968702574,49.9860549,18.9474121
-378658181,54.7203437,18.4023517
-167431355,49.8555791,19.3436756
-555843354,51.2488675,22.5102064
-615332354,51.4122597,21.9591391
-484498616,51.9548089,20.1236242
-519247590,54.6318914,18.7853897
-1067235870,51.6874727,21.3270834
-258912560,50.0718469,19.9369768
-680135915,50.6928535,17.3058636
-72510212,51.3990989,21.1501323
-402051550,53.4347756,14.5578005
-537491266,52.2453217,21.0062751
-186630560,52.096744,21.1365923
-999088824,51.2488675,22.5102064
-944052642,54.32612,18.32139
-408439202,51.7957499,18.003186
-673773492,50.9829785,17.0018739
-125815409,52.4270593,20.7364263
-205258001,49.9497671,21.6195088
-789651892,50.8029553,19.1217882
-9761774,50.0335189,19.9358363
-676349882,49.5633888,20.6362811
-948829133,49.876993,20.0849436
-121372743,51.187988,20.4137396
-682388287,50.7289751,18.4447959
-58098879,49.9464043,18.9603485
-901229178,49.9880983,22.2249625
-336609168,53.7111404,19.3291941
-965570756,52.2387992,20.9916299
-1032993183,52.3589187,16.8793233
-1021218859,49.9881242,19.9591406
-21819960,50.9612052,16.3447977
-547781436,53.2105975,23.3373506
-23262577,54.187835,16.1674915
-752607838,50.9066721,15.3384474
-958873943,50.3546658,18.2612672
-89382267,50.0475577,19.9531138
-68226282,53.025622,18.0048599
-670358441,51.7488605,18.0761746
-392766293,54.7699985,18.257084
-179028654,50.6288478,16.494424
-602630141,54.48331,16.92427
-1037450601,53.4889536,14.5824269
-542202339,51.7828431,19.480877
-671870579,52.2215892,17.2867433
-330747737,51.96552,16.89982
-627905194,53.2160762,18.3880563
-202179312,54.2178157,21.7253967
-277870175,51.5121865,17.1094455
-492098321,50.9155101,16.4330247
-31475092,53.7175866,16.6544955
-861622576,53.2815732,16.4905597
-1028476536,50.0589844,19.9259361
-813865075,50.958093,16.2261996
-295308519,51.7874185,16.6707637
-583137069,50.5009615,21.5384201
-459470547,50.2239987,18.7726533
-61145851,49.4225337,20.3196612
-288466810,53.5563139,16.1330846
-237868340,53.7733785,15.4083894
-516408286,52.58257,22.2989
-1051362404,52.2075781,21.0094113
-1072170274,53.5519657,14.5474498
-42728844,49.6017815,21.5272222
-984551001,53.0722486,17.4308548
-786617594,50.020426,22.2245749
-1055706655,53.1404901,23.1369951
-172388056,54.158198,19.3999769
-398984456,50.6787046,16.3471564
-853023380,50.0895296,19.925551
-423199645,51.7528563,19.4500225
-758233348,52.19207,20.79283
-40029736,50.2910753,18.9477532
-531111367,50.0211083,21.9425585
-538515107,50.4132128,18.81709
-445740397,52.2317491,20.9901353
-349105907,50.0628889,19.936369
-68821000,51.3682891,19.3524222
-1068216173,52.17114,20.79591
-514101579,52.1358678,21.0107998
-23750114,50.4805503,17.3209976
-82747084,50.3220961,18.8221834
-874241378,53.1321387,23.1665229
-929536169,50.3139203,16.8308516
-56309495,51.1551302,15.5676736
-955663591,49.5604146,18.9154366
-866482443,52.0217251,21.1301595
-926792060,52.2675869,20.9839427
-516424553,52.53586,20.97444
-75911801,50.860793,21.0823996
-518614587,52.5742863,20.6677635
-431771081,53.8821689,14.2212904
-1009185983,52.2523026,17.5829436
-573848714,52.2553935,21.0459882
-76541622,50.4479032,18.8536839
-488431443,51.1137982,17.0335288
-52780037,51.7664336,19.4574163
-24501139,50.4119561,16.4540802
-557416830,51.0093125,20.4002269
-684974914,52.0467713,21.64682
-219436444,51.3069507,17.0570351
-291131486,50.8903508,20.6707089
-401840817,52.2871163,20.8279556
-170649339,52.4721353,21.428059
-380051522,54.315442,18.0735612
-612395483,53.3493915,18.4235473
-590620337,52.4155882,20.9058817
-639013247,50.9792858,22.4009939
-74056202,49.981977,18.5129726
-385068528,51.689139,19.4119091
-736168404,49.5609053,22.207028
-652093473,51.9215634,22.4674921
-1039676386,54.3244528,18.5133545
-363688811,53.51704,17.29149
-92669620,50.0117026,21.8487069
-874442567,50.4783363,20.0411631
-221896752,52.0225619,18.516512
-96169329,53.3440225,15.032907
-674472557,51.82413,17.44979
-314515964,52.49211,19.23724
-98133885,52.4969232,20.0109439
-431964636,52.1717995,21.2077778
-252706069,53.9262256,15.1890945
-491745877,50.4457352,23.4170825
-905462452,53.8742136,14.532622
-603552127,53.73808,19.02509
-1018631388,54.1323354,19.0543585
-173702987,50.3383243,18.7006247
-459270650,52.3230569,16.89144
-562687678,53.1385379,14.8914361
-45758279,50.236917,18.6478389
-945007208,52.04889,18.87312
-962823864,52.0888145,20.8024235
-1028275404,53.1589214,17.8358133
-31086508,50.6543205,16.8156096
-103008975,52.4206403,20.8640642
-564200024,51.504649,18.26977
-506155736,52.3498193,16.844165
-135860481,52.470012,20.7345148
-490204108,52.1204173,23.138316
-1018148063,51.19312,20.37142
-816501827,52.735973,15.4027406
-690816413,51.1560014,16.89464
-249412865,53.8914059,21.2891124
-186704031,52.4078924,16.9210962
-429695529,50.5741981,16.6422592
-832857203,52.3862614,20.7266547
-759235534,52.325143,20.9117866
-332653826,54.21376,16.6995942
-292424295,53.688281,21.6195072
-526659534,52.0902772,21.0902685
-810622919,52.2075727,20.9701868
-718091898,52.2616508,20.9725438
-50402121,50.684842,16.3754533
-263670367,54.303771,18.2614553
-596611188,53.774679,17.9724868
-888170652,50.8513265,16.5005197
-867432443,51.7530431,19.4777577
-965934106,52.2882484,21.0063557
-111840675,53.3479531,16.5697347
-347912315,53.1287918,23.0032727
-502954418,50.78475,20.59879
-135740575,49.9427027,19.7395312
-1021730320,50.9050396,15.7348185
-411124662,54.3687355,18.4810727
-477462573,52.1846999,21.1749949
-653709954,52.16964,20.84132
-321120445,52.1444608,20.8149939
-1003507243,53.9037337,14.2303789
-790532791,52.9865165,16.3824658
-58116047,51.8895053,22.2231349
-452956934,50.5736922,16.6619039
-698628133,50.3270447,19.1416845
-497813314,54.1708606,18.5275209
-55579571,49.6402096,18.8856233
-105898299,52.1570273,21.1124934
-358751670,54.2918426,18.8113519
-173731690,50.0022352,19.9541554
-350390480,52.5368,20.97277
-534536071,50.8273693,16.5023835
-221331248,54.2127839,18.0300217
-545042638,50.9588007,18.9843495
-514076163,50.0745711,18.264329
-287174519,51.764385,19.4397328
-395009549,49.9556407,18.7167598
-850042743,52.1564429,20.9374883
-697885246,49.6701889,19.2401677
-816266645,52.5687369,16.9925341
-664445858,51.7949775,19.5059957
-1053001798,51.1339221,23.4711548
-52682567,51.8093217,20.9073235
-648472435,54.1766565,15.5778717
-502096776,52.1239348,21.0140321
-968728893,54.4666457,18.4588805
-536957055,52.229771,21.1382434
-466880793,51.970626,20.9460047
-286203707,52.1660245,17.6900648
-776016234,53.394514,18.3025063
-658254269,54.7934715,18.4019048
-1006370482,52.195063,21.1701797
-558799341,51.1214674,16.8443259
-178746508,51.9324503,19.6524366
-143327837,50.310663,17.3831709
-868473313,52.5291248,19.7768737
-652957596,54.22062,16.10241
-914102646,49.6526597,21.7603359
-685939017,53.5633711,14.828431
-368126864,54.1088879,23.3455832
-420751367,52.0752183,21.027014
